episodeNumber,steps,agentWinTheGame,agentKilledTheWumpus,agentHasGold,reward,alpha,gamma,epsilon,epsilonDecay
0,2,false,false,false,-2501.0,0.1,0.99,1.0,0.01
1,4,false,false,false,-2033.0,0.1,0.99,0.99,0.01
2,2,false,false,false,-2011.0,0.1,0.99,0.9801,0.01
3,8,false,false,false,-3527.0,0.1,0.99,0.9702989999999999,0.01
4,1,false,false,false,-2000.0,0.1,0.99,0.96059601,0.01
5,1,false,false,false,-2000.0,0.1,0.99,0.9509900498999999,0.01
6,4,false,false,false,-2023.0,0.1,0.99,0.9414801494009999,0.01
7,23,false,false,false,-5122.0,0.1,0.99,0.9320653479069899,0.01
8,3,false,false,false,-2012.0,0.1,0.99,0.92274469442792,0.01
9,4,false,false,false,-2033.0,0.1,0.99,0.9135172474836407,0.01
10,4,false,false,false,-2023.0,0.1,0.99,0.9043820750088043,0.01
11,5,false,false,false,-2534.0,0.1,0.99,0.8953382542587163,0.01
12,4,false,false,false,-2513.0,0.1,0.99,0.8863848717161291,0.01
13,10,false,false,false,-4019.0,0.1,0.99,0.8775210229989678,0.01
14,17,false,false,false,-4086.0,0.1,0.99,0.8687458127689781,0.01
15,9,false,false,false,-3068.0,0.1,0.99,0.8600583546412883,0.01
16,1,false,false,false,-2000.0,0.1,0.99,0.8514577710948754,0.01
17,2,false,false,false,-2501.0,0.1,0.99,0.8429431933839266,0.01
18,11,false,false,false,-2560.0,0.1,0.99,0.8345137614500874,0.01
19,15,false,false,false,-3574.0,0.1,0.99,0.8261686238355865,0.01
20,1,false,false,false,-2000.0,0.1,0.99,0.8179069375972307,0.01
21,3,false,false,false,-2002.0,0.1,0.99,0.8097278682212583,0.01
22,3,false,false,false,-2502.0,0.1,0.99,0.8016305895390458,0.01
23,23,false,false,false,-4092.0,0.1,0.99,0.7936142836436553,0.01
24,2,false,false,false,-2001.0,0.1,0.99,0.7856781408072188,0.01
25,3,false,false,false,-2002.0,0.1,0.99,0.7778213593991465,0.01
26,7,false,false,false,-3516.0,0.1,0.99,0.7700431458051551,0.01
27,23,false,false,false,-3142.0,0.1,0.99,0.7623427143471035,0.01
28,18,false,false,false,-2077.0,0.1,0.99,0.7547192872036325,0.01
29,10,false,false,false,-3519.0,0.1,0.99,0.7471720943315961,0.01
30,9,false,false,false,-2058.0,0.1,0.99,0.7397003733882802,0.01
31,1,false,false,false,-2000.0,0.1,0.99,0.7323033696543974,0.01
32,1,false,false,false,-2000.0,0.1,0.99,0.7249803359578534,0.01
33,5,false,false,false,-3024.0,0.1,0.99,0.7177305325982748,0.01
34,7,false,false,false,-2526.0,0.1,0.99,0.7105532272722921,0.01
35,3,false,false,false,-2012.0,0.1,0.99,0.7034476949995692,0.01
36,2,false,false,false,-2001.0,0.1,0.99,0.6964132180495735,0.01
37,13,false,false,false,-3562.0,0.1,0.99,0.6894490858690777,0.01
38,3,false,false,false,-2512.0,0.1,0.99,0.682554595010387,0.01
39,1,false,false,false,-2000.0,0.1,0.99,0.6757290490602831,0.01
40,13,false,false,false,-2572.0,0.1,0.99,0.6689717585696803,0.01
41,29,false,false,false,-6628.0,0.1,0.99,0.6622820409839835,0.01
42,3,false,false,false,-2012.0,0.1,0.99,0.6556592205741436,0.01
43,15,false,false,false,-2544.0,0.1,0.99,0.6491026283684022,0.01
44,33,false,false,false,-4632.0,0.1,0.99,0.6426116020847181,0.01
45,21,false,false,false,-4060.0,0.1,0.99,0.6361854860638709,0.01
46,10,false,false,false,-2549.0,0.1,0.99,0.6298236312032323,0.01
47,3,false,false,false,-2012.0,0.1,0.99,0.6235253948912,0.01
48,9,false,false,false,-3508.0,0.1,0.99,0.617290140942288,0.01
49,14,false,false,false,-2533.0,0.1,0.99,0.6111172395328651,0.01
50,31,false,false,false,-3140.0,0.1,0.99,0.6050060671375365,0.01
51,1,false,false,false,-2000.0,0.1,0.99,0.5989560064661611,0.01
52,12,false,false,false,-4531.0,0.1,0.99,0.5929664464014994,0.01
53,12,false,false,false,-3051.0,0.1,0.99,0.5870367819374844,0.01
54,11,false,false,false,-3010.0,0.1,0.99,0.5811664141181095,0.01
55,24,false,false,false,-3613.0,0.1,0.99,0.5753547499769285,0.01
56,11,false,false,false,-3060.0,0.1,0.99,0.5696012024771592,0.01
57,27,false,false,false,-3576.0,0.1,0.99,0.5639051904523876,0.01
58,69,false,false,false,-6248.0,0.1,0.99,0.5582661385478638,0.01
59,21,false,false,false,-2070.0,0.1,0.99,0.5526834771623851,0.01
60,22,false,false,false,-2581.0,0.1,0.99,0.5471566423907612,0.01
61,6,false,false,false,-2025.0,0.1,0.99,0.5416850759668536,0.01
62,4,false,false,false,-2003.0,0.1,0.99,0.536268225207185,0.01
63,9,false,false,false,-3038.0,0.1,0.99,0.5309055429551132,0.01
64,24,false,false,false,-2573.0,0.1,0.99,0.525596487525562,0.01
65,11,false,false,false,-2540.0,0.1,0.99,0.5203405226503064,0.01
66,48,false,false,false,-3167.0,0.1,0.99,0.5151371174238033,0.01
67,4,false,false,false,-2003.0,0.1,0.99,0.5099857462495653,0.01
68,3,false,false,false,-2002.0,0.1,0.99,0.5048858887870696,0.01
69,8,false,false,false,-2017.0,0.1,0.99,0.4998370298991989,0.01
70,14,false,false,false,-2083.0,0.1,0.99,0.49483865960020695,0.01
71,15,false,false,false,-2074.0,0.1,0.99,0.4898902730042049,0.01
72,29,false,false,false,-3058.0,0.1,0.99,0.48499137027416284,0.01
73,21,false,false,false,-2080.0,0.1,0.99,0.4801414565714212,0.01
74,19,false,false,false,-3078.0,0.1,0.99,0.475340042005707,0.01
75,19,false,false,false,-3058.0,0.1,0.99,0.47058664158564995,0.01
76,4,false,false,false,-2003.0,0.1,0.99,0.4658807751697934,0.01
77,16,false,false,false,-3075.0,0.1,0.99,0.4612219674180955,0.01
78,16,false,false,false,-3045.0,0.1,0.99,0.45660974774391455,0.01
79,45,false,false,false,-3644.0,0.1,0.99,0.4520436502664754,0.01
80,12,false,false,false,-2041.0,0.1,0.99,0.44752321376381066,0.01
81,15,false,false,false,-2554.0,0.1,0.99,0.44304798162617254,0.01
82,31,false,false,false,-3070.0,0.1,0.99,0.4386175018099108,0.01
83,5,false,false,false,-2014.0,0.1,0.99,0.4342313267918117,0.01
84,6,false,false,false,-2515.0,0.1,0.99,0.4298890135238936,0.01
85,29,false,false,false,-2108.0,0.1,0.99,0.42559012338865465,0.01
86,39,false,false,false,-3628.0,0.1,0.99,0.4213342221547681,0.01
87,15,false,false,false,-2554.0,0.1,0.99,0.41712087993322045,0.01
88,39,false,false,false,-4658.0,0.1,0.99,0.41294967113388825,0.01
89,12,false,false,false,-2051.0,0.1,0.99,0.40882017442254937,0.01
90,17,false,false,false,-3556.0,0.1,0.99,0.4047319726783239,0.01
91,16,false,false,false,-2055.0,0.1,0.99,0.40068465295154065,0.01
92,43,false,false,false,-3592.0,0.1,0.99,0.39667780642202527,0.01
93,84,false,false,false,-5183.0,0.1,0.99,0.392711028357805,0.01
94,27,false,false,false,-2616.0,0.1,0.99,0.38878391807422696,0.01
95,45,false,false,false,-3114.0,0.1,0.99,0.3848960788934847,0.01
96,14,false,false,false,-2033.0,0.1,0.99,0.38104711810454983,0.01
97,19,false,true,false,-3058.0,0.1,0.99,0.37723664692350434,0.01
98,3,false,false,false,-2012.0,0.1,0.99,0.37346428045426927,0.01
99,23,false,false,false,-2102.0,0.1,0.99,0.36972963764972655,0.01
100,5,false,false,false,-2014.0,0.1,0.99,0.36603234127322926,0.01
101,71,false,false,false,-2690.0,0.1,0.99,0.36237201786049694,0.01
102,11,false,false,false,-2050.0,0.1,0.99,0.358748297681892,0.01
103,83,false,false,false,-3712.0,0.1,0.99,0.35516081470507305,0.01
104,5,false,false,false,-2014.0,0.1,0.99,0.3516092065580223,0.01
105,14,false,false,false,-2043.0,0.1,0.99,0.34809311449244207,0.01
106,15,false,true,false,-3534.0,0.1,0.99,0.34461218334751764,0.01
107,45,false,false,false,-3114.0,0.1,0.99,0.34116606151404244,0.01
108,2,false,false,false,-2001.0,0.1,0.99,0.337754400898902,0.01
109,10,false,false,false,-2519.0,0.1,0.99,0.334376856889913,0.01
110,77,false,false,false,-4786.0,0.1,0.99,0.33103308832101386,0.01
111,25,false,false,false,-3044.0,0.1,0.99,0.3277227574378037,0.01
112,18,false,false,false,-2537.0,0.1,0.99,0.3244455298634257,0.01
113,98,false,false,false,-3287.0,0.1,0.99,0.3212010745647914,0.01
114,33,false,false,false,-3062.0,0.1,0.99,0.3179890638191435,0.01
115,21,false,false,false,-2520.0,0.1,0.99,0.31480917318095203,0.01
116,72,false,false,false,-5731.0,0.1,0.99,0.3116610814491425,0.01
117,14,false,false,false,-2023.0,0.1,0.99,0.30854447063465107,0.01
118,7,false,false,false,-3016.0,0.1,0.99,0.30545902592830454,0.01
119,6,false,false,false,-2525.0,0.1,0.99,0.3024044356690215,0.01
120,4,false,false,false,-2513.0,0.1,0.99,0.29938039131233124,0.01
121,30,false,false,false,-3069.0,0.1,0.99,0.2963865873992079,0.01
122,4,false,false,false,-2003.0,0.1,0.99,0.29342272152521587,0.01
123,7,false,false,false,-2016.0,0.1,0.99,0.2904884943099637,0.01
124,2,false,false,false,-2001.0,0.1,0.99,0.28758360936686406,0.01
125,5,false,false,false,-2014.0,0.1,0.99,0.2847077732731954,0.01
126,9,false,false,false,-2018.0,0.1,0.99,0.28186069554046345,0.01
127,16,false,false,false,-2525.0,0.1,0.99,0.2790420885850588,0.01
128,18,false,false,false,-2017.0,0.1,0.99,0.2762516676992082,0.01
129,16,false,false,false,-2555.0,0.1,0.99,0.27348915102221616,0.01
130,9,false,false,false,-2508.0,0.1,0.99,0.270754259511994,0.01
131,90,false,false,false,-3129.0,0.1,0.99,0.26804671691687404,0.01
132,16,false,false,false,-2515.0,0.1,0.99,0.2653662497477053,0.01
133,18,false,false,false,-2037.0,0.1,0.99,0.2627125872502282,0.01
134,4,false,false,false,-2003.0,0.1,0.99,0.2600854613777259,0.01
135,7,false,false,false,-2006.0,0.1,0.99,0.2574846067639487,0.01
136,28,false,false,false,-2547.0,0.1,0.99,0.2549097606963092,0.01
137,31,false,false,false,-2550.0,0.1,0.99,0.2523606630893461,0.01
138,4,false,false,false,-2003.0,0.1,0.99,0.24983705645845267,0.01
139,42,false,false,false,-3061.0,0.1,0.99,0.24733868589386815,0.01
140,13,false,false,false,-2012.0,0.1,0.99,0.24486529903492946,0.01
141,15,false,false,false,-3534.0,0.1,0.99,0.24241664604458016,0.01
142,11,false,false,false,-2510.0,0.1,0.99,0.23999247958413436,0.01
143,31,false,true,false,-3110.0,0.1,0.99,0.23759255478829303,0.01
144,6,false,false,false,-2015.0,0.1,0.99,0.2352166292404101,0.01
145,28,false,false,false,-2057.0,0.1,0.99,0.232864462948006,0.01
146,25,false,false,false,-2034.0,0.1,0.99,0.23053581831852593,0.01
147,31,false,false,false,-2570.0,0.1,0.99,0.22823046013534068,0.01
148,19,false,false,false,-2048.0,0.1,0.99,0.22594815553398728,0.01
149,19,false,false,false,-2028.0,0.1,0.99,0.22368867397864742,0.01
150,68,false,false,false,-4647.0,0.1,0.99,0.22145178723886094,0.01
151,24,false,false,false,-2553.0,0.1,0.99,0.21923726936647234,0.01
152,20,false,false,false,-2539.0,0.1,0.99,0.2170448966728076,0.01
153,80,false,false,false,-2649.0,0.1,0.99,0.21487444770607952,0.01
154,3,false,false,false,-2002.0,0.1,0.99,0.21272570322901874,0.01
155,12,false,false,false,-2511.0,0.1,0.99,0.21059844619672854,0.01
156,38,false,false,false,-2107.0,0.1,0.99,0.20849246173476127,0.01
157,69,false,false,false,-3128.0,0.1,0.99,0.20640753711741366,0.01
158,16,false,true,false,-3025.0,0.1,0.99,0.20434346174623952,0.01
159,13,false,false,false,-2012.0,0.1,0.99,0.20230002712877712,0.01
160,20,false,false,false,-2029.0,0.1,0.99,0.20027702685748935,0.01
161,20,false,false,false,-3029.0,0.1,0.99,0.19827425658891445,0.01
162,7,false,false,false,-2016.0,0.1,0.99,0.1962915140230253,0.01
163,4,false,false,false,-2003.0,0.1,0.99,0.19432859888279505,0.01
164,66,false,false,false,-2105.0,0.1,0.99,0.1923853128939671,0.01
165,9,false,false,false,-2508.0,0.1,0.99,0.19046145976502743,0.01
166,23,false,false,false,-2562.0,0.1,0.99,0.18855684516737714,0.01
167,122,false,false,false,-2751.0,0.1,0.99,0.18667127671570335,0.01
168,55,false,false,false,-2104.0,0.1,0.99,0.18480456394854633,0.01
169,2,false,false,false,-2001.0,0.1,0.99,0.18295651830906087,0.01
170,60,false,false,false,-4119.0,0.1,0.99,0.18112695312597027,0.01
171,60,false,false,false,-3129.0,0.1,0.99,0.17931568359471056,0.01
172,66,false,false,false,-2695.0,0.1,0.99,0.17752252675876345,0.01
173,82,false,false,false,-2191.0,0.1,0.99,0.17574730149117582,0.01
174,69,false,true,false,-5718.0,0.1,0.99,0.17398982847626407,0.01
175,82,false,false,false,-3141.0,0.1,0.99,0.17224993019150142,0.01
176,20,false,false,false,-2549.0,0.1,0.99,0.1705274308895864,0.01
177,130,false,false,false,-2239.0,0.1,0.99,0.16882215658069055,0.01
178,107,false,false,false,-2716.0,0.1,0.99,0.16713393501488363,0.01
179,20,false,false,false,-2549.0,0.1,0.99,0.16546259566473479,0.01
180,68,false,false,false,-5167.0,0.1,0.99,0.16380796970808745,0.01
181,163,false,false,false,-4842.0,0.1,0.99,0.16216989001100657,0.01
182,26,false,true,false,-3535.0,0.1,0.99,0.1605481911108965,0.01
183,18,false,false,false,-2537.0,0.1,0.99,0.15894270919978754,0.01
184,28,false,false,false,-2537.0,0.1,0.99,0.15735328210778965,0.01
185,44,false,false,false,-3633.0,0.1,0.99,0.15577974928671176,0.01
186,28,false,false,false,-2577.0,0.1,0.99,0.15422195179384465,0.01
187,25,false,false,false,-2044.0,0.1,0.99,0.1526797322759062,0.01
188,24,false,true,false,-2063.0,0.1,0.99,0.15115293495314713,0.01
189,126,false,false,false,-3725.0,0.1,0.99,0.14964140560361566,0.01
190,46,false,true,true,-2635.0,0.1,0.99,0.1481449915475795,0.01
191,78,false,false,false,-2597.0,0.1,0.99,0.1466635416321037,0.01
192,102,false,false,false,-3221.0,0.1,0.99,0.14519690621578268,0.01
193,117,false,false,false,-3816.0,0.1,0.99,0.14374493715362485,0.01
194,59,false,false,false,-4098.0,0.1,0.99,0.1423074877820886,0.01
195,13,false,false,false,-2022.0,0.1,0.99,0.1408844129042677,0.01
196,1,false,false,false,-2000.0,0.1,0.99,0.13947556877522502,0.01
197,100,false,false,false,-3679.0,0.1,0.99,0.13808081308747278,0.01
198,46,false,false,false,-3095.0,0.1,0.99,0.13670000495659804,0.01
199,81,false,false,false,-3170.0,0.1,0.99,0.13533300490703207,0.01
200,17,false,false,false,-2016.0,0.1,0.99,0.13397967485796175,0.01
201,228,false,false,false,-3477.0,0.1,0.99,0.13263987810938213,0.01
202,22,false,false,false,-2561.0,0.1,0.99,0.1313134793282883,0.01
203,7,false,false,false,-2006.0,0.1,0.99,0.13000034453500542,0.01
204,42,false,false,false,-2591.0,0.1,0.99,0.12870034108965536,0.01
205,30,false,false,false,-2579.0,0.1,0.99,0.12741333767875881,0.01
206,93,false,false,false,-3662.0,0.1,0.99,0.12613920430197123,0.01
207,219,false,false,false,-4978.0,0.1,0.99,0.12487781225895152,0.01
208,18,false,true,false,-2037.0,0.1,0.99,0.123629034136362,0.01
209,75,false,false,false,-2634.0,0.1,0.99,0.12239274379499838,0.01
210,43,false,true,true,-3082.0,0.1,0.99,0.1211688163570484,0.01
211,158,false,false,false,-2297.0,0.1,0.99,0.11995712819347792,0.01
212,39,false,false,false,-2598.0,0.1,0.99,0.11875755691154315,0.01
213,3,false,false,false,-2002.0,0.1,0.99,0.11756998134242772,0.01
214,146,false,false,false,-2795.0,0.1,0.99,0.11639428152900344,0.01
215,41,false,false,false,-2550.0,0.1,0.99,0.11523033871371341,0.01
216,183,false,false,false,-3872.0,0.1,0.99,0.11407803532657627,0.01
217,58,false,true,false,-3637.0,0.1,0.99,0.11293725497331052,0.01
218,45,false,false,false,-2104.0,0.1,0.99,0.1118078824235774,0.01
219,58,false,false,false,-2117.0,0.1,0.99,0.11068980359934164,0.01
220,33,false,false,false,-2552.0,0.1,0.99,0.10958290556334822,0.01
221,220,false,false,false,-3429.0,0.1,0.99,0.10848707650771475,0.01
222,15,false,false,false,-2034.0,0.1,0.99,0.1074022057426376,0.01
223,39,false,false,false,-2068.0,0.1,0.99,0.10632818368521123,0.01
224,337,false,false,false,-4686.0,0.1,0.99,0.10526490184835911,0.01
225,230,false,false,false,-4959.0,0.1,0.99,0.10421225282987552,0.01
226,57,false,false,false,-2626.0,0.1,0.99,0.10317013030157676,0.01
227,83,false,true,false,-2162.0,0.1,0.99,0.10213842899856099,0.01
228,90,false,false,false,-2689.0,0.1,0.99,0.10111704470857538,0.01
229,35,false,false,false,-2064.0,0.1,0.99,0.10010587426148963,0.01
230,108,false,true,true,-3777.0,0.1,0.99,0.09910481551887473,0.01
231,259,false,false,false,-3508.0,0.1,0.99,0.09811376736368599,0.01
232,250,false,false,false,-4449.0,0.1,0.99,0.09713262969004913,0.01
233,18,false,true,false,-3527.0,0.1,0.99,0.09616130339314863,0.01
234,147,false,false,false,-4786.0,0.1,0.99,0.09519969035921715,0.01
235,12,false,false,false,-2031.0,0.1,0.99,0.09424769345562498,0.01
236,166,false,false,false,-2795.0,0.1,0.99,0.09330521652106873,0.01
237,220,false,false,false,-2909.0,0.1,0.99,0.09237216435585804,0.01
238,70,false,true,false,-2649.0,0.1,0.99,0.09144844271229946,0.01
239,18,false,false,false,-2037.0,0.1,0.99,0.09053395828517646,0.01
240,98,false,true,true,-5707.0,0.1,0.99,0.08962861870232469,0.01
241,58,false,false,false,-2607.0,0.1,0.99,0.08873233251530144,0.01
242,17,false,false,false,-2036.0,0.1,0.99,0.08784500919014843,0.01
243,93,false,false,false,-4202.0,0.1,0.99,0.08696655909824694,0.01
244,244,false,true,true,-5153.0,0.1,0.99,0.08609689350726446,0.01
245,11,false,false,false,-2030.0,0.1,0.99,0.08523592457219181,0.01
246,3,false,false,false,-2002.0,0.1,0.99,0.0843835653264699,0.01
247,199,false,true,true,-3798.0,0.1,0.99,0.0835397296732052,0.01
248,37,false,true,false,-2546.0,0.1,0.99,0.08270433237647315,0.01
249,238,false,false,false,-4887.0,0.1,0.99,0.08187728905270841,0.01
250,24,false,false,false,-2023.0,0.1,0.99,0.08105851616218133,0.01
251,1,false,false,false,-2000.0,0.1,0.99,0.08024793100055952,0.01
252,2,false,false,false,-2001.0,0.1,0.99,0.07944545169055392,0.01
253,64,false,true,false,-2103.0,0.1,0.99,0.07865099717364837,0.01
254,102,false,false,false,-2691.0,0.1,0.99,0.07786448720191189,0.01
255,41,false,true,true,-2050.0,0.1,0.99,0.07708584232989277,0.01
256,12,false,false,false,-2021.0,0.1,0.99,0.07631498390659384,0.01
257,7,false,false,false,-2006.0,0.1,0.99,0.07555183406752791,0.01
258,21,false,false,false,-2030.0,0.1,0.99,0.07479631572685264,0.01
259,2,false,false,false,-2001.0,0.1,0.99,0.07404835256958411,0.01
260,153,false,true,true,-4242.0,0.1,0.99,0.07330786904388827,0.01
261,249,false,false,false,-5448.0,0.1,0.99,0.07257479035344938,0.01
262,2,false,false,false,-2001.0,0.1,0.99,0.07184904244991488,0.01
263,81,false,false,false,-3150.0,0.1,0.99,0.07113055202541574,0.01
264,72,false,false,false,-3141.0,0.1,0.99,0.07041924650516158,0.01
265,158,true,true,true,153.0,0.1,0.99,0.06971505404010997,0.01
266,25,false,true,false,-2034.0,0.1,0.99,0.06901790349970886,0.01
267,44,false,true,false,-2053.0,0.1,0.99,0.06832772446471178,0.01
268,9,false,false,false,-2028.0,0.1,0.99,0.06764444722006466,0.01
269,106,false,true,true,-2305.0,0.1,0.99,0.066968002747864,0.01
270,17,false,false,false,-2016.0,0.1,0.99,0.06629832272038537,0.01
271,334,false,false,false,-5613.0,0.1,0.99,0.06563533949318151,0.01
272,102,true,true,true,1729.0,0.1,0.99,0.06497898609824969,0.01
273,339,false,false,false,-3588.0,0.1,0.99,0.0643291962372672,0.01
274,160,true,true,true,1701.0,0.1,0.99,0.06368590427489453,0.01
275,120,true,true,true,1791.0,0.1,0.99,0.06304904523214558,0.01
276,8,false,false,false,-2007.0,0.1,0.99,0.06241855477982412,0.01
277,86,false,false,false,-3175.0,0.1,0.99,0.06179436923202588,0.01
278,171,false,false,false,-2790.0,0.1,0.99,0.06117642553970562,0.01
279,25,false,true,false,-2034.0,0.1,0.99,0.06056466128430856,0.01
280,222,false,false,false,-2371.0,0.1,0.99,0.05995901467146548,0.01
281,114,true,true,true,1837.0,0.1,0.99,0.05935942452475082,0.01
282,59,true,true,true,1912.0,0.1,0.99,0.058765830279503314,0.01
283,130,true,true,true,1821.0,0.1,0.99,0.05817817197670828,0.01
284,88,false,false,false,-4657.0,0.1,0.99,0.057596390256941195,0.01
285,19,false,true,false,-2028.0,0.1,0.99,0.05702042635437178,0.01
286,97,true,true,true,354.0,0.1,0.99,0.05645022209082806,0.01
287,49,false,false,false,-2578.0,0.1,0.99,0.05588571986991978,0.01
288,26,false,true,false,-2055.0,0.1,0.99,0.055326862671220584,0.01
289,30,false,true,false,-2099.0,0.1,0.99,0.05477359404450838,0.01
290,112,true,true,true,1759.0,0.1,0.99,0.054225858104063294,0.01
291,93,true,true,true,1798.0,0.1,0.99,0.05368359952302266,0.01
292,89,true,true,true,1272.0,0.1,0.99,0.053146763527792434,0.01
293,94,true,true,true,1847.0,0.1,0.99,0.052615295892514506,0.01
294,96,true,true,true,845.0,0.1,0.99,0.052089142933589364,0.01
295,355,false,false,false,-6144.0,0.1,0.99,0.05156825150425347,0.01
296,81,true,true,true,1370.0,0.1,0.99,0.051052568989210935,0.01
297,14,false,false,false,-2513.0,0.1,0.99,0.05054204329931883,0.01
298,151,false,false,false,-2730.0,0.1,0.99,0.05003662286632564,0.01
299,13,false,true,false,-2022.0,0.1,0.99,0.04953625663766238,0.01
300,29,false,true,false,-2538.0,0.1,0.99,0.04904089407128576,0.01
301,60,false,true,true,-3089.0,0.1,0.99,0.0485504851305729,0.01
302,37,true,true,true,1454.0,0.1,0.99,0.048064980279267165,0.01
303,113,true,true,true,1798.0,0.1,0.99,0.04758433047647449,0.01
304,42,false,true,false,-2061.0,0.1,0.99,0.04710848717170975,0.01
305,80,true,true,true,1811.0,0.1,0.99,0.04663740229999265,0.01
306,55,true,true,true,1876.0,0.1,0.99,0.04617102827699272,0.01
307,84,true,true,true,1787.0,0.1,0.99,0.045709317994222794,0.01
308,92,true,true,true,1859.0,0.1,0.99,0.04525222481428057,0.01
309,45,true,true,true,1936.0,0.1,0.99,0.04479970256613776,0.01
310,84,true,true,true,1837.0,0.1,0.99,0.04435170554047638,0.01
311,68,false,false,false,-2137.0,0.1,0.99,0.043908188485071616,0.01
312,59,false,true,true,-2078.0,0.1,0.99,0.0434691066002209,0.01
313,59,true,true,true,922.0,0.1,0.99,0.04303441553421869,0.01
314,27,false,true,false,-2036.0,0.1,0.99,0.0426040713788765,0.01
315,69,true,true,true,1902.0,0.1,0.99,0.04217803066508773,0.01
316,40,true,true,true,1941.0,0.1,0.99,0.04175625035843686,0.01
317,142,false,false,false,-2741.0,0.1,0.99,0.041338687854852486,0.01
318,49,true,true,true,1932.0,0.1,0.99,0.04092530097630396,0.01
319,7,false,false,false,-2006.0,0.1,0.99,0.040516047966540916,0.01
320,71,true,true,true,1830.0,0.1,0.99,0.04011088748687551,0.01
321,31,true,true,true,1940.0,0.1,0.99,0.03970977861200675,0.01
322,73,true,true,true,1818.0,0.1,0.99,0.03931268082588668,0.01
323,55,true,true,true,1906.0,0.1,0.99,0.03891955401762781,0.01
324,484,false,false,false,-5323.0,0.1,0.99,0.03853035847745153,0.01
325,44,true,true,true,1917.0,0.1,0.99,0.03814505489267701,0.01
326,37,true,true,true,1944.0,0.1,0.99,0.03776360434375024,0.01
327,45,false,true,true,-2054.0,0.1,0.99,0.03738596830031274,0.01
328,10,false,false,false,-2029.0,0.1,0.99,0.03701210861730961,0.01
329,56,true,true,true,1905.0,0.1,0.99,0.03664198753113651,0.01
330,45,true,true,true,926.0,0.1,0.99,0.036275567655825146,0.01
331,185,false,false,false,-2304.0,0.1,0.99,0.03591281197926689,0.01
332,38,true,true,true,923.0,0.1,0.99,0.035553683859474224,0.01
333,313,false,false,false,-3482.0,0.1,0.99,0.03519814702087948,0.01
334,121,false,false,false,-2750.0,0.1,0.99,0.03484616555067068,0.01
335,39,true,true,true,1442.0,0.1,0.99,0.034497703895163975,0.01
336,23,false,true,false,-3042.0,0.1,0.99,0.03415272685621234,0.01
337,41,false,false,false,-2050.0,0.1,0.99,0.03381119958765021,0.01
338,36,true,true,true,1945.0,0.1,0.99,0.03347308759177371,0.01
339,37,true,true,true,1944.0,0.1,0.99,0.03313835671585597,0.01
340,46,true,true,true,1395.0,0.1,0.99,0.03280697314869741,0.01
341,32,true,true,true,1949.0,0.1,0.99,0.032478903417210436,0.01
342,33,true,true,true,1958.0,0.1,0.99,0.032154114383038335,0.01
343,52,true,true,true,1859.0,0.1,0.99,0.03183257323920795,0.01
344,30,true,true,true,1961.0,0.1,0.99,0.03151424750681587,0.01
345,45,true,true,true,1886.0,0.1,0.99,0.03119910503174771,0.01
346,491,false,false,false,-4770.0,0.1,0.99,0.030887113981430233,0.01
347,449,false,false,false,-4188.0,0.1,0.99,0.03057824284161593,0.01
348,28,true,true,true,1963.0,0.1,0.99,0.03027246041319977,0.01
349,38,false,true,true,-3047.0,0.1,0.99,0.029969735809067772,0.01
350,31,true,true,true,1460.0,0.1,0.99,0.029670038450977095,0.01
351,92,false,false,false,-2161.0,0.1,0.99,0.029373338066467324,0.01
352,37,true,true,true,1954.0,0.1,0.99,0.02907960468580265,0.01
353,29,true,true,true,1962.0,0.1,0.99,0.028788808638944622,0.01
354,40,true,true,true,1951.0,0.1,0.99,0.028500920552555174,0.01
355,24,true,true,true,1967.0,0.1,0.99,0.028215911347029624,0.01
356,41,true,true,true,1940.0,0.1,0.99,0.027933752233559327,0.01
357,23,true,true,true,1958.0,0.1,0.99,0.027654414711223735,0.01
358,23,true,true,true,1968.0,0.1,0.99,0.027377870564111496,0.01
359,39,true,true,true,1942.0,0.1,0.99,0.027104091858470382,0.01
360,23,true,true,true,1968.0,0.1,0.99,0.026833050939885677,0.01
361,24,true,true,true,1967.0,0.1,0.99,0.02656472043048682,0.01
362,28,true,true,true,1963.0,0.1,0.99,0.02629907322618195,0.01
363,24,true,true,true,1967.0,0.1,0.99,0.026036082493920133,0.01
364,34,true,true,true,1957.0,0.1,0.99,0.02577572166898093,0.01
365,26,true,true,true,1965.0,0.1,0.99,0.025517964452291122,0.01
366,23,true,true,true,1968.0,0.1,0.99,0.02526278480776821,0.01
367,24,true,true,true,1967.0,0.1,0.99,0.025010156959690527,0.01
368,23,true,true,true,1968.0,0.1,0.99,0.02476005539009362,0.01
369,25,true,true,true,1946.0,0.1,0.99,0.024512454836192684,0.01
370,21,true,true,true,1970.0,0.1,0.99,0.024267330287830756,0.01
371,626,false,false,false,-2965.0,0.1,0.99,0.024024656984952448,0.01
372,25,true,true,true,1956.0,0.1,0.99,0.023784410415102923,0.01
373,20,true,true,true,1971.0,0.1,0.99,0.023546566310951894,0.01
374,22,true,true,true,1959.0,0.1,0.99,0.023311100647842375,0.01
375,25,true,true,true,1956.0,0.1,0.99,0.02307798964136395,0.01
376,21,true,true,true,1970.0,0.1,0.99,0.022847209744950314,0.01
377,20,true,true,true,1971.0,0.1,0.99,0.02261873764750081,0.01
378,22,true,true,true,1969.0,0.1,0.99,0.022392550271025803,0.01
379,20,true,true,true,1971.0,0.1,0.99,0.022168624768315544,0.01
380,23,true,true,true,1958.0,0.1,0.99,0.02194693852063239,0.01
381,23,true,true,true,1968.0,0.1,0.99,0.021727469135426065,0.01
382,21,true,true,true,1970.0,0.1,0.99,0.021510194444071803,0.01
383,21,true,true,true,1970.0,0.1,0.99,0.021295092499631085,0.01
384,20,true,true,true,1971.0,0.1,0.99,0.021082141574634772,0.01
385,20,true,true,true,1971.0,0.1,0.99,0.020871320158888425,0.01
386,20,true,true,true,1971.0,0.1,0.99,0.020662606957299542,0.01
387,20,true,true,true,1971.0,0.1,0.99,0.020455980887726547,0.01
388,21,true,true,true,1960.0,0.1,0.99,0.02025142107884928,0.01
389,22,true,true,true,1969.0,0.1,0.99,0.020048906868060788,0.01
390,20,true,true,true,1971.0,0.1,0.99,0.01984841779938018,0.01
391,20,true,true,true,1971.0,0.1,0.99,0.019649933621386378,0.01
392,20,true,true,true,1971.0,0.1,0.99,0.019453434285172513,0.01
393,20,true,true,true,1971.0,0.1,0.99,0.019258899942320787,0.01
394,21,true,true,true,1960.0,0.1,0.99,0.01906631094289758,0.01
395,23,true,true,true,1468.0,0.1,0.99,0.018875647833468602,0.01
396,21,true,true,true,1960.0,0.1,0.99,0.018686891355133916,0.01
397,20,true,true,true,1971.0,0.1,0.99,0.018500022441582577,0.01
398,20,true,true,true,1971.0,0.1,0.99,0.01831502221716675,0.01
399,20,true,true,true,1971.0,0.1,0.99,0.018131871994995084,0.01
400,20,true,true,true,1971.0,0.1,0.99,0.017950553275045134,0.01
401,20,true,true,true,1971.0,0.1,0.99,0.017771047742294682,0.01
402,20,true,true,true,1971.0,0.1,0.99,0.017593337264871736,0.01
403,20,true,true,true,1971.0,0.1,0.99,0.01741740389222302,0.01
404,20,true,true,true,1971.0,0.1,0.99,0.01724322985330079,0.01
405,22,true,true,true,1969.0,0.1,0.99,0.017070797554767782,0.01
406,20,true,true,true,1971.0,0.1,0.99,0.016900089579220106,0.01
407,20,true,true,true,1971.0,0.1,0.99,0.016731088683427906,0.01
408,1145,false,false,false,-3714.0,0.1,0.99,0.016563777796593626,0.01
409,21,true,true,true,1960.0,0.1,0.99,0.016398140018627688,0.01
410,20,true,true,true,1971.0,0.1,0.99,0.01623415861844141,0.01
411,20,true,true,true,1971.0,0.1,0.99,0.016071817032256998,0.01
412,20,true,true,true,1971.0,0.1,0.99,0.01591109886193443,0.01
413,20,true,true,true,1971.0,0.1,0.99,0.015751987873315085,0.01
414,20,true,true,true,1971.0,0.1,0.99,0.015594467994581935,0.01
415,20,true,true,true,1971.0,0.1,0.99,0.015438523314636115,0.01
416,20,true,true,true,1971.0,0.1,0.99,0.015284138081489753,0.01
417,21,true,true,true,1960.0,0.1,0.99,0.015131296700674856,0.01
418,1228,false,false,false,-5227.0,0.1,0.99,0.014979983733668108,0.01
419,21,true,true,true,1960.0,0.1,0.99,0.014830183896331426,0.01
420,21,true,true,true,1970.0,0.1,0.99,0.014681882057368112,0.01
421,1451,false,false,false,-5560.0,0.1,0.99,0.01453506323679443,0.01
422,20,true,true,true,1971.0,0.1,0.99,0.014389712604426485,0.01
423,20,true,true,true,1971.0,0.1,0.99,0.01424581547838222,0.01
424,20,true,true,true,1971.0,0.1,0.99,0.014103357323598397,0.01
425,20,true,true,true,1971.0,0.1,0.99,0.013962323750362413,0.01
426,20,true,true,true,1971.0,0.1,0.99,0.013822700512858789,0.01
427,20,true,true,true,1971.0,0.1,0.99,0.0136844735077302,0.01
428,20,true,true,true,1971.0,0.1,0.99,0.013547628772652899,0.01
429,20,true,true,true,1971.0,0.1,0.99,0.01341215248492637,0.01
430,20,true,true,true,1971.0,0.1,0.99,0.013278030960077106,0.01
431,20,true,true,true,1971.0,0.1,0.99,0.013145250650476335,0.01
432,20,true,true,true,1971.0,0.1,0.99,0.01301379814397157,0.01
433,20,true,true,true,1971.0,0.1,0.99,0.012883660162531854,0.01
434,20,true,true,true,1971.0,0.1,0.99,0.012754823560906535,0.01
435,20,true,true,true,1971.0,0.1,0.99,0.01262727532529747,0.01
436,20,true,true,true,1971.0,0.1,0.99,0.012501002572044496,0.01
437,20,true,true,true,1971.0,0.1,0.99,0.01237599254632405,0.01
438,20,true,true,true,1971.0,0.1,0.99,0.01225223262086081,0.01
439,20,true,true,true,1971.0,0.1,0.99,0.012129710294652202,0.01
440,20,true,true,true,1971.0,0.1,0.99,0.01200841319170568,0.01
441,20,true,true,true,1971.0,0.1,0.99,0.011888329059788623,0.01
442,20,true,true,true,1971.0,0.1,0.99,0.011769445769190737,0.01
443,21,true,true,true,1470.0,0.1,0.99,0.01165175131149883,0.01
444,21,true,true,true,1960.0,0.1,0.99,0.011535233798383842,0.01
445,20,true,true,true,1971.0,0.1,0.99,0.011419881460400004,0.01
446,21,true,true,true,1960.0,0.1,0.99,0.011305682645796004,0.01
447,21,true,true,true,1960.0,0.1,0.99,0.011192625819338045,0.01
448,20,true,true,true,1971.0,0.1,0.99,0.011080699561144665,0.01
449,20,true,true,true,1971.0,0.1,0.99,0.010969892565533218,0.01
450,20,true,true,true,1971.0,0.1,0.99,0.010860193639877886,0.01
451,20,false,true,true,-2029.0,0.1,0.99,0.010751591703479106,0.01
452,20,true,true,true,1971.0,0.1,0.99,0.010644075786444315,0.01
453,20,true,true,true,1971.0,0.1,0.99,0.010537635028579873,0.01
454,20,true,true,true,1971.0,0.1,0.99,0.010432258678294073,0.01
455,21,true,true,true,1960.0,0.1,0.99,0.010327936091511133,0.01
456,20,true,true,true,1971.0,0.1,0.99,0.010224656730596022,0.01
457,20,true,true,true,1971.0,0.1,0.99,0.01012241016329006,0.01
458,20,true,true,true,1971.0,0.1,0.99,0.01002118606165716,0.01
459,8,false,true,false,-2017.0,0.1,0.99,0.009920974201040588,0.01
460,21,true,true,true,1960.0,0.1,0.99,0.009920974201040588,0.01
461,20,true,true,true,1971.0,0.1,0.99,0.009920974201040588,0.01
462,20,true,true,true,1971.0,0.1,0.99,0.009920974201040588,0.01
463,20,true,true,true,1971.0,0.1,0.99,0.009920974201040588,0.01
464,20,true,true,true,1971.0,0.1,0.99,0.009920974201040588,0.01
465,20,true,true,true,1971.0,0.1,0.99,0.009920974201040588,0.01
466,20,true,true,true,1971.0,0.1,0.99,0.009920974201040588,0.01
467,20,true,true,true,1971.0,0.1,0.99,0.009920974201040588,0.01
468,20,true,true,true,1971.0,0.1,0.99,0.009920974201040588,0.01
469,20,true,true,true,1971.0,0.1,0.99,0.009920974201040588,0.01
470,20,true,true,true,1971.0,0.1,0.99,0.009920974201040588,0.01
471,20,true,true,true,1971.0,0.1,0.99,0.009920974201040588,0.01
472,20,true,true,true,1971.0,0.1,0.99,0.009920974201040588,0.01
473,24,true,true,true,1467.0,0.1,0.99,0.009920974201040588,0.01
474,4,false,false,false,-2003.0,0.1,0.99,0.009920974201040588,0.01
475,20,true,true,true,1971.0,0.1,0.99,0.009920974201040588,0.01
476,20,true,true,true,1971.0,0.1,0.99,0.009920974201040588,0.01
477,20,true,true,true,1971.0,0.1,0.99,0.009920974201040588,0.01
478,20,true,true,true,1971.0,0.1,0.99,0.009920974201040588,0.01
479,20,true,true,true,1971.0,0.1,0.99,0.009920974201040588,0.01
480,20,true,true,true,1971.0,0.1,0.99,0.009920974201040588,0.01
481,21,true,true,true,1960.0,0.1,0.99,0.009920974201040588,0.01
482,20,true,true,true,1971.0,0.1,0.99,0.009920974201040588,0.01
483,20,true,true,true,1971.0,0.1,0.99,0.009920974201040588,0.01
484,20,true,true,true,1971.0,0.1,0.99,0.009920974201040588,0.01
485,20,true,true,true,1971.0,0.1,0.99,0.009920974201040588,0.01
486,20,true,true,true,1971.0,0.1,0.99,0.009920974201040588,0.01
487,20,true,true,true,1971.0,0.1,0.99,0.009920974201040588,0.01
488,20,true,true,true,1971.0,0.1,0.99,0.009920974201040588,0.01
489,20,true,true,true,1971.0,0.1,0.99,0.009920974201040588,0.01
490,20,true,true,true,1971.0,0.1,0.99,0.009920974201040588,0.01
491,20,true,true,true,1971.0,0.1,0.99,0.009920974201040588,0.01
492,20,true,true,true,1971.0,0.1,0.99,0.009920974201040588,0.01
493,20,true,true,true,1971.0,0.1,0.99,0.009920974201040588,0.01
494,20,true,true,true,1971.0,0.1,0.99,0.009920974201040588,0.01
495,20,true,true,true,1971.0,0.1,0.99,0.009920974201040588,0.01
496,21,true,true,true,1960.0,0.1,0.99,0.009920974201040588,0.01
497,20,true,true,true,1971.0,0.1,0.99,0.009920974201040588,0.01
498,22,true,true,true,1969.0,0.1,0.99,0.009920974201040588,0.01
499,20,true,true,true,1971.0,0.1,0.99,0.009920974201040588,0.01
500,20,true,true,true,1971.0,0.1,0.99,0.009920974201040588,0.01
501,20,true,true,true,1971.0,0.1,0.99,0.009920974201040588,0.01
502,20,true,true,true,1971.0,0.1,0.99,0.009920974201040588,0.01
503,20,true,true,true,1971.0,0.1,0.99,0.009920974201040588,0.01
504,20,true,true,true,1971.0,0.1,0.99,0.009920974201040588,0.01
505,8,false,true,false,-2017.0,0.1,0.99,0.009920974201040588,0.01
506,20,true,true,true,1971.0,0.1,0.99,0.009920974201040588,0.01
507,20,true,true,true,1971.0,0.1,0.99,0.009920974201040588,0.01
508,20,true,true,true,1971.0,0.1,0.99,0.009920974201040588,0.01
509,20,true,true,true,1971.0,0.1,0.99,0.009920974201040588,0.01
510,20,true,true,true,1971.0,0.1,0.99,0.009920974201040588,0.01
511,1,false,false,false,-2000.0,0.1,0.99,0.009920974201040588,0.01
512,20,true,true,true,1971.0,0.1,0.99,0.009920974201040588,0.01
513,20,true,true,true,1971.0,0.1,0.99,0.009920974201040588,0.01
514,20,true,true,true,1971.0,0.1,0.99,0.009920974201040588,0.01
515,20,true,true,true,1971.0,0.1,0.99,0.009920974201040588,0.01
516,21,true,true,true,1970.0,0.1,0.99,0.009920974201040588,0.01
517,20,true,true,true,1971.0,0.1,0.99,0.009920974201040588,0.01
518,20,true,true,true,1971.0,0.1,0.99,0.009920974201040588,0.01
519,20,true,true,true,1971.0,0.1,0.99,0.009920974201040588,0.01
520,20,true,true,true,1971.0,0.1,0.99,0.009920974201040588,0.01
521,20,true,true,true,1971.0,0.1,0.99,0.009920974201040588,0.01
522,20,true,true,true,1971.0,0.1,0.99,0.009920974201040588,0.01
523,1018,false,false,false,-3387.0,0.1,0.99,0.009920974201040588,0.01
524,23,true,true,true,1468.0,0.1,0.99,0.009920974201040588,0.01
525,20,true,true,true,1971.0,0.1,0.99,0.009920974201040588,0.01
526,20,true,true,true,1971.0,0.1,0.99,0.009920974201040588,0.01
527,21,true,true,true,1970.0,0.1,0.99,0.009920974201040588,0.01
528,20,true,true,true,1971.0,0.1,0.99,0.009920974201040588,0.01
529,20,true,true,true,1971.0,0.1,0.99,0.009920974201040588,0.01
530,20,true,true,true,1971.0,0.1,0.99,0.009920974201040588,0.01
531,20,true,true,true,1971.0,0.1,0.99,0.009920974201040588,0.01
532,20,true,true,true,1971.0,0.1,0.99,0.009920974201040588,0.01
533,20,true,true,true,1971.0,0.1,0.99,0.009920974201040588,0.01
534,20,true,true,true,1971.0,0.1,0.99,0.009920974201040588,0.01
535,20,true,true,true,1971.0,0.1,0.99,0.009920974201040588,0.01
536,20,true,true,true,1971.0,0.1,0.99,0.009920974201040588,0.01
537,20,true,true,true,1971.0,0.1,0.99,0.009920974201040588,0.01
538,20,true,true,true,1971.0,0.1,0.99,0.009920974201040588,0.01
539,20,true,true,true,1971.0,0.1,0.99,0.009920974201040588,0.01
540,20,true,true,true,1971.0,0.1,0.99,0.009920974201040588,0.01
541,20,true,true,true,1971.0,0.1,0.99,0.009920974201040588,0.01
542,20,true,true,true,1971.0,0.1,0.99,0.009920974201040588,0.01
543,21,true,true,true,1960.0,0.1,0.99,0.009920974201040588,0.01
544,20,true,true,true,1971.0,0.1,0.99,0.009920974201040588,0.01
545,20,true,true,true,1971.0,0.1,0.99,0.009920974201040588,0.01
546,20,true,true,true,1971.0,0.1,0.99,0.009920974201040588,0.01
547,20,true,true,true,1971.0,0.1,0.99,0.009920974201040588,0.01
548,20,true,true,true,1971.0,0.1,0.99,0.009920974201040588,0.01
549,20,true,true,true,1971.0,0.1,0.99,0.009920974201040588,0.01
550,21,true,true,true,1960.0,0.1,0.99,0.009920974201040588,0.01
551,21,true,true,true,1960.0,0.1,0.99,0.009920974201040588,0.01
552,20,true,true,true,1971.0,0.1,0.99,0.009920974201040588,0.01
553,20,true,true,true,1971.0,0.1,0.99,0.009920974201040588,0.01
554,20,true,true,true,1971.0,0.1,0.99,0.009920974201040588,0.01
555,20,true,true,true,1971.0,0.1,0.99,0.009920974201040588,0.01
556,20,true,true,true,1971.0,0.1,0.99,0.009920974201040588,0.01
557,20,true,true,true,1971.0,0.1,0.99,0.009920974201040588,0.01
558,20,true,true,true,1971.0,0.1,0.99,0.009920974201040588,0.01
559,20,true,true,true,1971.0,0.1,0.99,0.009920974201040588,0.01
560,20,true,true,true,1971.0,0.1,0.99,0.009920974201040588,0.01
561,20,true,true,true,1971.0,0.1,0.99,0.009920974201040588,0.01
562,20,true,true,true,1971.0,0.1,0.99,0.009920974201040588,0.01
563,20,true,true,true,1971.0,0.1,0.99,0.009920974201040588,0.01
564,21,true,true,true,1960.0,0.1,0.99,0.009920974201040588,0.01
565,21,true,true,true,1960.0,0.1,0.99,0.009920974201040588,0.01
566,20,true,true,true,1971.0,0.1,0.99,0.009920974201040588,0.01
567,20,true,true,true,1971.0,0.1,0.99,0.009920974201040588,0.01
568,20,true,true,true,1971.0,0.1,0.99,0.009920974201040588,0.01
569,20,true,true,true,1971.0,0.1,0.99,0.009920974201040588,0.01
570,4,false,false,false,-2003.0,0.1,0.99,0.009920974201040588,0.01
571,20,true,true,true,1971.0,0.1,0.99,0.009920974201040588,0.01
572,20,true,true,true,1971.0,0.1,0.99,0.009920974201040588,0.01
573,20,true,true,true,1971.0,0.1,0.99,0.009920974201040588,0.01
574,20,true,true,true,1971.0,0.1,0.99,0.009920974201040588,0.01
575,20,true,true,true,1971.0,0.1,0.99,0.009920974201040588,0.01
576,21,true,true,true,1970.0,0.1,0.99,0.009920974201040588,0.01
577,20,true,true,true,1971.0,0.1,0.99,0.009920974201040588,0.01
578,21,true,true,true,1960.0,0.1,0.99,0.009920974201040588,0.01
579,20,true,true,true,1971.0,0.1,0.99,0.009920974201040588,0.01
580,20,true,true,true,1971.0,0.1,0.99,0.009920974201040588,0.01
581,20,true,true,true,1971.0,0.1,0.99,0.009920974201040588,0.01
582,20,true,true,true,1971.0,0.1,0.99,0.009920974201040588,0.01
583,20,true,true,true,1971.0,0.1,0.99,0.009920974201040588,0.01
584,20,true,true,true,1971.0,0.1,0.99,0.009920974201040588,0.01
585,20,true,true,true,1971.0,0.1,0.99,0.009920974201040588,0.01
586,20,true,true,true,1971.0,0.1,0.99,0.009920974201040588,0.01
587,20,true,true,true,1971.0,0.1,0.99,0.009920974201040588,0.01
588,20,true,true,true,1971.0,0.1,0.99,0.009920974201040588,0.01
589,20,true,true,true,1971.0,0.1,0.99,0.009920974201040588,0.01
590,20,true,true,true,1971.0,0.1,0.99,0.009920974201040588,0.01
591,20,true,true,true,1971.0,0.1,0.99,0.009920974201040588,0.01
592,20,true,true,true,1971.0,0.1,0.99,0.009920974201040588,0.01
593,20,true,true,true,1971.0,0.1,0.99,0.009920974201040588,0.01
594,20,true,true,true,1971.0,0.1,0.99,0.009920974201040588,0.01
595,20,true,true,true,1971.0,0.1,0.99,0.009920974201040588,0.01
596,20,true,true,true,1971.0,0.1,0.99,0.009920974201040588,0.01
597,20,true,true,true,1971.0,0.1,0.99,0.009920974201040588,0.01
598,20,true,true,true,1971.0,0.1,0.99,0.009920974201040588,0.01
599,20,true,true,true,1971.0,0.1,0.99,0.009920974201040588,0.01
600,20,true,true,true,1971.0,0.1,0.99,0.009920974201040588,0.01
601,20,true,true,true,1971.0,0.1,0.99,0.009920974201040588,0.01
602,20,true,true,true,1971.0,0.1,0.99,0.009920974201040588,0.01
603,20,true,true,true,1971.0,0.1,0.99,0.009920974201040588,0.01
604,20,true,true,true,1971.0,0.1,0.99,0.009920974201040588,0.01
605,20,true,true,true,1971.0,0.1,0.99,0.009920974201040588,0.01
606,20,true,true,true,1971.0,0.1,0.99,0.009920974201040588,0.01
607,20,true,true,true,1971.0,0.1,0.99,0.009920974201040588,0.01
608,20,true,true,true,1971.0,0.1,0.99,0.009920974201040588,0.01
609,20,true,true,true,1971.0,0.1,0.99,0.009920974201040588,0.01
610,20,true,true,true,1971.0,0.1,0.99,0.009920974201040588,0.01
611,21,true,true,true,1970.0,0.1,0.99,0.009920974201040588,0.01
612,20,true,true,true,1971.0,0.1,0.99,0.009920974201040588,0.01
613,20,true,true,true,1971.0,0.1,0.99,0.009920974201040588,0.01
614,20,true,true,true,1971.0,0.1,0.99,0.009920974201040588,0.01
615,21,true,true,true,1960.0,0.1,0.99,0.009920974201040588,0.01
616,20,true,true,true,1971.0,0.1,0.99,0.009920974201040588,0.01
617,21,true,true,true,1970.0,0.1,0.99,0.009920974201040588,0.01
618,180,false,false,false,-2209.0,0.1,0.99,0.009920974201040588,0.01
619,20,true,true,true,1971.0,0.1,0.99,0.009920974201040588,0.01
620,20,true,true,true,1971.0,0.1,0.99,0.009920974201040588,0.01
621,20,true,true,true,1971.0,0.1,0.99,0.009920974201040588,0.01
622,20,true,true,true,1971.0,0.1,0.99,0.009920974201040588,0.01
623,20,true,true,true,1971.0,0.1,0.99,0.009920974201040588,0.01
624,20,true,true,true,1971.0,0.1,0.99,0.009920974201040588,0.01
625,20,true,true,true,1971.0,0.1,0.99,0.009920974201040588,0.01
626,20,true,true,true,1971.0,0.1,0.99,0.009920974201040588,0.01
627,22,true,true,true,1969.0,0.1,0.99,0.009920974201040588,0.01
628,20,true,true,true,1971.0,0.1,0.99,0.009920974201040588,0.01
629,21,true,true,true,1960.0,0.1,0.99,0.009920974201040588,0.01
630,20,true,true,true,1971.0,0.1,0.99,0.009920974201040588,0.01
631,20,true,true,true,1971.0,0.1,0.99,0.009920974201040588,0.01
632,20,true,true,true,1971.0,0.1,0.99,0.009920974201040588,0.01
633,20,true,true,true,1971.0,0.1,0.99,0.009920974201040588,0.01
634,20,true,true,true,1971.0,0.1,0.99,0.009920974201040588,0.01
635,20,true,true,true,1971.0,0.1,0.99,0.009920974201040588,0.01
636,20,true,true,true,1971.0,0.1,0.99,0.009920974201040588,0.01
637,20,true,true,true,1971.0,0.1,0.99,0.009920974201040588,0.01
638,20,true,true,true,1971.0,0.1,0.99,0.009920974201040588,0.01
639,21,true,true,true,1470.0,0.1,0.99,0.009920974201040588,0.01
640,20,true,true,true,1971.0,0.1,0.99,0.009920974201040588,0.01
641,20,true,true,true,1971.0,0.1,0.99,0.009920974201040588,0.01
642,20,true,true,true,1971.0,0.1,0.99,0.009920974201040588,0.01
643,20,true,true,true,1971.0,0.1,0.99,0.009920974201040588,0.01
644,20,true,true,true,1971.0,0.1,0.99,0.009920974201040588,0.01
645,20,true,true,true,1971.0,0.1,0.99,0.009920974201040588,0.01
646,20,true,true,true,1971.0,0.1,0.99,0.009920974201040588,0.01
647,20,true,true,true,1971.0,0.1,0.99,0.009920974201040588,0.01
648,20,true,true,true,1971.0,0.1,0.99,0.009920974201040588,0.01
649,20,true,true,true,1971.0,0.1,0.99,0.009920974201040588,0.01
650,20,true,true,true,1971.0,0.1,0.99,0.009920974201040588,0.01
651,20,true,true,true,1971.0,0.1,0.99,0.009920974201040588,0.01
652,20,true,true,true,1971.0,0.1,0.99,0.009920974201040588,0.01
653,20,true,true,true,1971.0,0.1,0.99,0.009920974201040588,0.01
654,21,true,true,true,1470.0,0.1,0.99,0.009920974201040588,0.01
655,20,true,true,true,1971.0,0.1,0.99,0.009920974201040588,0.01
656,20,true,true,true,1971.0,0.1,0.99,0.009920974201040588,0.01
657,20,true,true,true,1971.0,0.1,0.99,0.009920974201040588,0.01
658,20,true,true,true,1971.0,0.1,0.99,0.009920974201040588,0.01
659,20,true,true,true,1971.0,0.1,0.99,0.009920974201040588,0.01
660,20,true,true,true,1971.0,0.1,0.99,0.009920974201040588,0.01
661,20,true,true,true,1971.0,0.1,0.99,0.009920974201040588,0.01
662,20,true,true,true,1971.0,0.1,0.99,0.009920974201040588,0.01
663,20,true,true,true,1971.0,0.1,0.99,0.009920974201040588,0.01
664,20,true,true,true,1971.0,0.1,0.99,0.009920974201040588,0.01
665,20,true,true,true,1971.0,0.1,0.99,0.009920974201040588,0.01
666,20,true,true,true,1971.0,0.1,0.99,0.009920974201040588,0.01
667,20,true,true,true,1971.0,0.1,0.99,0.009920974201040588,0.01
668,20,true,true,true,1971.0,0.1,0.99,0.009920974201040588,0.01
669,23,true,true,true,958.0,0.1,0.99,0.009920974201040588,0.01
670,20,true,true,true,1971.0,0.1,0.99,0.009920974201040588,0.01
671,20,true,true,true,1971.0,0.1,0.99,0.009920974201040588,0.01
672,20,true,true,true,1971.0,0.1,0.99,0.009920974201040588,0.01
673,20,true,true,true,1971.0,0.1,0.99,0.009920974201040588,0.01
674,20,true,true,true,1971.0,0.1,0.99,0.009920974201040588,0.01
675,20,true,true,true,1971.0,0.1,0.99,0.009920974201040588,0.01
676,21,true,true,true,1960.0,0.1,0.99,0.009920974201040588,0.01
677,20,true,true,true,1971.0,0.1,0.99,0.009920974201040588,0.01
678,6,false,true,false,-2015.0,0.1,0.99,0.009920974201040588,0.01
679,20,true,true,true,1971.0,0.1,0.99,0.009920974201040588,0.01
680,20,true,true,true,1971.0,0.1,0.99,0.009920974201040588,0.01
681,20,true,true,true,1971.0,0.1,0.99,0.009920974201040588,0.01
682,20,true,true,true,1971.0,0.1,0.99,0.009920974201040588,0.01
683,20,true,true,true,1971.0,0.1,0.99,0.009920974201040588,0.01
684,20,true,true,true,1971.0,0.1,0.99,0.009920974201040588,0.01
685,20,true,true,true,1971.0,0.1,0.99,0.009920974201040588,0.01
686,20,true,true,true,1971.0,0.1,0.99,0.009920974201040588,0.01
687,20,false,true,true,-2029.0,0.1,0.99,0.009920974201040588,0.01
688,20,true,true,true,1971.0,0.1,0.99,0.009920974201040588,0.01
689,20,true,true,true,1971.0,0.1,0.99,0.009920974201040588,0.01
690,20,true,true,true,1971.0,0.1,0.99,0.009920974201040588,0.01
691,22,true,true,true,1969.0,0.1,0.99,0.009920974201040588,0.01
692,20,true,true,true,1971.0,0.1,0.99,0.009920974201040588,0.01
693,21,true,true,true,1960.0,0.1,0.99,0.009920974201040588,0.01
694,20,true,true,true,1971.0,0.1,0.99,0.009920974201040588,0.01
695,20,true,true,true,1971.0,0.1,0.99,0.009920974201040588,0.01
696,20,true,true,true,1971.0,0.1,0.99,0.009920974201040588,0.01
697,20,true,true,true,1971.0,0.1,0.99,0.009920974201040588,0.01
698,21,true,true,true,1960.0,0.1,0.99,0.009920974201040588,0.01
699,20,true,true,true,1971.0,0.1,0.99,0.009920974201040588,0.01
700,20,true,true,true,1971.0,0.1,0.99,0.009920974201040588,0.01
701,20,true,true,true,1971.0,0.1,0.99,0.009920974201040588,0.01
702,20,true,true,true,1971.0,0.1,0.99,0.009920974201040588,0.01
703,20,true,true,true,1971.0,0.1,0.99,0.009920974201040588,0.01
704,20,true,true,true,1971.0,0.1,0.99,0.009920974201040588,0.01
705,21,true,true,true,1960.0,0.1,0.99,0.009920974201040588,0.01
706,20,true,true,true,1971.0,0.1,0.99,0.009920974201040588,0.01
707,20,true,true,true,1971.0,0.1,0.99,0.009920974201040588,0.01
708,20,true,true,true,1971.0,0.1,0.99,0.009920974201040588,0.01
709,20,true,true,true,1971.0,0.1,0.99,0.009920974201040588,0.01
710,20,true,true,true,1971.0,0.1,0.99,0.009920974201040588,0.01
711,20,true,true,true,1971.0,0.1,0.99,0.009920974201040588,0.01
712,20,true,true,true,1971.0,0.1,0.99,0.009920974201040588,0.01
713,20,true,true,true,1971.0,0.1,0.99,0.009920974201040588,0.01
714,20,true,true,true,1971.0,0.1,0.99,0.009920974201040588,0.01
715,20,true,true,true,1971.0,0.1,0.99,0.009920974201040588,0.01
716,20,true,true,true,1971.0,0.1,0.99,0.009920974201040588,0.01
717,21,true,true,true,1470.0,0.1,0.99,0.009920974201040588,0.01
718,21,true,true,true,1960.0,0.1,0.99,0.009920974201040588,0.01
719,690,false,false,false,-2919.0,0.1,0.99,0.009920974201040588,0.01
720,20,true,true,true,1971.0,0.1,0.99,0.009920974201040588,0.01
721,20,true,true,true,1971.0,0.1,0.99,0.009920974201040588,0.01
722,20,true,true,true,1971.0,0.1,0.99,0.009920974201040588,0.01
723,20,true,true,true,1971.0,0.1,0.99,0.009920974201040588,0.01
724,20,true,true,true,1971.0,0.1,0.99,0.009920974201040588,0.01
725,20,true,true,true,1971.0,0.1,0.99,0.009920974201040588,0.01
726,20,true,true,true,1971.0,0.1,0.99,0.009920974201040588,0.01
727,20,true,true,true,1971.0,0.1,0.99,0.009920974201040588,0.01
728,20,true,true,true,1971.0,0.1,0.99,0.009920974201040588,0.01
729,20,true,true,true,1971.0,0.1,0.99,0.009920974201040588,0.01
730,20,true,true,true,1971.0,0.1,0.99,0.009920974201040588,0.01
731,20,true,true,true,1971.0,0.1,0.99,0.009920974201040588,0.01
732,20,true,true,true,1971.0,0.1,0.99,0.009920974201040588,0.01
733,20,true,true,true,1971.0,0.1,0.99,0.009920974201040588,0.01
734,20,true,true,true,1971.0,0.1,0.99,0.009920974201040588,0.01
735,20,true,true,true,1971.0,0.1,0.99,0.009920974201040588,0.01
736,20,true,true,true,1971.0,0.1,0.99,0.009920974201040588,0.01
737,20,true,true,true,1971.0,0.1,0.99,0.009920974201040588,0.01
738,18,false,true,true,-2037.0,0.1,0.99,0.009920974201040588,0.01
739,20,true,true,true,1971.0,0.1,0.99,0.009920974201040588,0.01
740,20,true,true,true,1971.0,0.1,0.99,0.009920974201040588,0.01
741,22,true,true,true,1969.0,0.1,0.99,0.009920974201040588,0.01
742,20,true,true,true,1971.0,0.1,0.99,0.009920974201040588,0.01
743,20,true,true,true,1971.0,0.1,0.99,0.009920974201040588,0.01
744,20,true,true,true,1971.0,0.1,0.99,0.009920974201040588,0.01
745,20,true,true,true,1971.0,0.1,0.99,0.009920974201040588,0.01
746,20,true,true,true,1971.0,0.1,0.99,0.009920974201040588,0.01
747,20,true,true,true,1971.0,0.1,0.99,0.009920974201040588,0.01
748,21,true,true,true,1970.0,0.1,0.99,0.009920974201040588,0.01
749,20,true,true,true,1971.0,0.1,0.99,0.009920974201040588,0.01
750,17,false,true,true,-2026.0,0.1,0.99,0.009920974201040588,0.01
751,20,true,true,true,1971.0,0.1,0.99,0.009920974201040588,0.01
752,20,true,true,true,1971.0,0.1,0.99,0.009920974201040588,0.01
753,20,true,true,true,1971.0,0.1,0.99,0.009920974201040588,0.01
754,20,true,true,true,1971.0,0.1,0.99,0.009920974201040588,0.01
755,20,true,true,true,1971.0,0.1,0.99,0.009920974201040588,0.01
756,20,true,true,true,1971.0,0.1,0.99,0.009920974201040588,0.01
757,20,true,true,true,1971.0,0.1,0.99,0.009920974201040588,0.01
758,20,true,true,true,1971.0,0.1,0.99,0.009920974201040588,0.01
759,20,true,true,true,1971.0,0.1,0.99,0.009920974201040588,0.01
760,20,true,true,true,1971.0,0.1,0.99,0.009920974201040588,0.01
761,20,true,true,true,1971.0,0.1,0.99,0.009920974201040588,0.01
762,21,true,true,true,1960.0,0.1,0.99,0.009920974201040588,0.01
763,62,false,false,false,-2091.0,0.1,0.99,0.009920974201040588,0.01
764,20,true,true,true,1971.0,0.1,0.99,0.009920974201040588,0.01
765,20,true,true,true,1971.0,0.1,0.99,0.009920974201040588,0.01
766,20,true,true,true,1971.0,0.1,0.99,0.009920974201040588,0.01
767,20,true,true,true,1971.0,0.1,0.99,0.009920974201040588,0.01
768,20,true,true,true,1971.0,0.1,0.99,0.009920974201040588,0.01
769,20,true,true,true,1971.0,0.1,0.99,0.009920974201040588,0.01
770,20,true,true,true,1971.0,0.1,0.99,0.009920974201040588,0.01
771,20,true,true,true,1971.0,0.1,0.99,0.009920974201040588,0.01
772,20,true,true,true,1971.0,0.1,0.99,0.009920974201040588,0.01
773,20,true,true,true,1971.0,0.1,0.99,0.009920974201040588,0.01
774,20,true,true,true,1971.0,0.1,0.99,0.009920974201040588,0.01
775,1143,false,false,false,-5022.0,0.1,0.99,0.009920974201040588,0.01
776,21,true,true,true,1960.0,0.1,0.99,0.009920974201040588,0.01
777,20,true,true,true,1971.0,0.1,0.99,0.009920974201040588,0.01
778,20,true,true,true,1971.0,0.1,0.99,0.009920974201040588,0.01
779,21,true,true,true,1960.0,0.1,0.99,0.009920974201040588,0.01
780,21,true,true,true,1470.0,0.1,0.99,0.009920974201040588,0.01
781,20,true,true,true,1971.0,0.1,0.99,0.009920974201040588,0.01
782,20,true,true,true,1971.0,0.1,0.99,0.009920974201040588,0.01
783,20,true,true,true,1971.0,0.1,0.99,0.009920974201040588,0.01
784,22,true,true,true,1969.0,0.1,0.99,0.009920974201040588,0.01
785,20,true,true,true,1971.0,0.1,0.99,0.009920974201040588,0.01
786,20,true,true,true,1971.0,0.1,0.99,0.009920974201040588,0.01
787,20,true,true,true,1971.0,0.1,0.99,0.009920974201040588,0.01
788,20,true,true,true,1971.0,0.1,0.99,0.009920974201040588,0.01
789,20,true,true,true,1971.0,0.1,0.99,0.009920974201040588,0.01
790,20,true,true,true,1971.0,0.1,0.99,0.009920974201040588,0.01
791,20,true,true,true,1971.0,0.1,0.99,0.009920974201040588,0.01
792,20,true,true,true,1971.0,0.1,0.99,0.009920974201040588,0.01
793,20,true,true,true,1971.0,0.1,0.99,0.009920974201040588,0.01
794,20,true,true,true,1971.0,0.1,0.99,0.009920974201040588,0.01
795,20,true,true,true,1971.0,0.1,0.99,0.009920974201040588,0.01
796,20,true,true,true,1971.0,0.1,0.99,0.009920974201040588,0.01
797,20,true,true,true,1971.0,0.1,0.99,0.009920974201040588,0.01
798,21,true,true,true,1470.0,0.1,0.99,0.009920974201040588,0.01
799,20,true,true,true,1971.0,0.1,0.99,0.009920974201040588,0.01
800,20,true,true,true,1971.0,0.1,0.99,0.009920974201040588,0.01
801,20,true,true,true,1971.0,0.1,0.99,0.009920974201040588,0.01
802,20,true,true,true,1971.0,0.1,0.99,0.009920974201040588,0.01
803,20,true,true,true,1971.0,0.1,0.99,0.009920974201040588,0.01
804,20,true,true,true,1971.0,0.1,0.99,0.009920974201040588,0.01
805,20,true,true,true,1971.0,0.1,0.99,0.009920974201040588,0.01
806,20,true,true,true,1971.0,0.1,0.99,0.009920974201040588,0.01
807,24,true,true,true,1967.0,0.1,0.99,0.009920974201040588,0.01
808,20,true,true,true,1971.0,0.1,0.99,0.009920974201040588,0.01
809,20,true,true,true,1971.0,0.1,0.99,0.009920974201040588,0.01
810,20,true,true,true,1971.0,0.1,0.99,0.009920974201040588,0.01
811,20,true,true,true,1971.0,0.1,0.99,0.009920974201040588,0.01
812,20,true,true,true,1971.0,0.1,0.99,0.009920974201040588,0.01
813,21,true,true,true,1960.0,0.1,0.99,0.009920974201040588,0.01
814,20,true,true,true,1971.0,0.1,0.99,0.009920974201040588,0.01
815,23,true,true,true,1468.0,0.1,0.99,0.009920974201040588,0.01
816,20,true,true,true,1971.0,0.1,0.99,0.009920974201040588,0.01
817,20,true,true,true,1971.0,0.1,0.99,0.009920974201040588,0.01
818,20,true,true,true,1971.0,0.1,0.99,0.009920974201040588,0.01
819,20,true,true,true,1971.0,0.1,0.99,0.009920974201040588,0.01
820,20,true,true,true,1971.0,0.1,0.99,0.009920974201040588,0.01
821,20,true,true,true,1971.0,0.1,0.99,0.009920974201040588,0.01
822,20,true,true,true,1971.0,0.1,0.99,0.009920974201040588,0.01
823,20,true,true,true,1971.0,0.1,0.99,0.009920974201040588,0.01
824,20,true,true,true,1971.0,0.1,0.99,0.009920974201040588,0.01
825,24,true,true,true,967.0,0.1,0.99,0.009920974201040588,0.01
826,20,true,true,true,1971.0,0.1,0.99,0.009920974201040588,0.01
827,20,true,true,true,1971.0,0.1,0.99,0.009920974201040588,0.01
828,20,true,true,true,1971.0,0.1,0.99,0.009920974201040588,0.01
829,20,true,true,true,1971.0,0.1,0.99,0.009920974201040588,0.01
830,21,true,true,true,1960.0,0.1,0.99,0.009920974201040588,0.01
831,20,true,true,true,1971.0,0.1,0.99,0.009920974201040588,0.01
832,20,true,true,true,1971.0,0.1,0.99,0.009920974201040588,0.01
833,20,true,true,true,1971.0,0.1,0.99,0.009920974201040588,0.01
834,20,true,true,true,1971.0,0.1,0.99,0.009920974201040588,0.01
835,20,true,true,true,1971.0,0.1,0.99,0.009920974201040588,0.01
836,20,true,true,true,1971.0,0.1,0.99,0.009920974201040588,0.01
837,20,true,true,true,1971.0,0.1,0.99,0.009920974201040588,0.01
838,20,true,true,true,1971.0,0.1,0.99,0.009920974201040588,0.01
839,20,true,true,true,1971.0,0.1,0.99,0.009920974201040588,0.01
840,20,true,true,true,1971.0,0.1,0.99,0.009920974201040588,0.01
841,20,true,true,true,1971.0,0.1,0.99,0.009920974201040588,0.01
842,20,true,true,true,1971.0,0.1,0.99,0.009920974201040588,0.01
843,20,true,true,true,1971.0,0.1,0.99,0.009920974201040588,0.01
844,20,true,true,true,1971.0,0.1,0.99,0.009920974201040588,0.01
845,20,true,true,true,1971.0,0.1,0.99,0.009920974201040588,0.01
846,20,true,true,true,1971.0,0.1,0.99,0.009920974201040588,0.01
847,20,true,true,true,1971.0,0.1,0.99,0.009920974201040588,0.01
848,20,true,true,true,1971.0,0.1,0.99,0.009920974201040588,0.01
849,20,true,true,true,1971.0,0.1,0.99,0.009920974201040588,0.01
850,20,true,true,true,1971.0,0.1,0.99,0.009920974201040588,0.01
851,21,true,true,true,1960.0,0.1,0.99,0.009920974201040588,0.01
852,20,true,true,true,1971.0,0.1,0.99,0.009920974201040588,0.01
853,21,true,true,true,1470.0,0.1,0.99,0.009920974201040588,0.01
854,20,true,true,true,1971.0,0.1,0.99,0.009920974201040588,0.01
855,20,true,true,true,1971.0,0.1,0.99,0.009920974201040588,0.01
856,20,true,true,true,1971.0,0.1,0.99,0.009920974201040588,0.01
857,21,true,true,true,1960.0,0.1,0.99,0.009920974201040588,0.01
858,20,true,true,true,1971.0,0.1,0.99,0.009920974201040588,0.01
859,20,true,true,true,1971.0,0.1,0.99,0.009920974201040588,0.01
860,20,true,true,true,1971.0,0.1,0.99,0.009920974201040588,0.01
861,20,true,true,true,1971.0,0.1,0.99,0.009920974201040588,0.01
862,20,true,true,true,1971.0,0.1,0.99,0.009920974201040588,0.01
863,20,true,true,true,1971.0,0.1,0.99,0.009920974201040588,0.01
864,20,true,true,true,1971.0,0.1,0.99,0.009920974201040588,0.01
865,20,true,true,true,1971.0,0.1,0.99,0.009920974201040588,0.01
866,20,true,true,true,1971.0,0.1,0.99,0.009920974201040588,0.01
867,20,true,true,true,1971.0,0.1,0.99,0.009920974201040588,0.01
868,20,true,true,true,1971.0,0.1,0.99,0.009920974201040588,0.01
869,20,true,true,true,1971.0,0.1,0.99,0.009920974201040588,0.01
870,20,true,true,true,1971.0,0.1,0.99,0.009920974201040588,0.01
871,20,true,true,true,1971.0,0.1,0.99,0.009920974201040588,0.01
872,20,true,true,true,1971.0,0.1,0.99,0.009920974201040588,0.01
873,20,true,true,true,1971.0,0.1,0.99,0.009920974201040588,0.01
874,20,true,true,true,1971.0,0.1,0.99,0.009920974201040588,0.01
875,20,true,true,true,1971.0,0.1,0.99,0.009920974201040588,0.01
876,20,true,true,true,1971.0,0.1,0.99,0.009920974201040588,0.01
877,20,true,true,true,1971.0,0.1,0.99,0.009920974201040588,0.01
878,20,true,true,true,1971.0,0.1,0.99,0.009920974201040588,0.01
879,20,true,true,true,1971.0,0.1,0.99,0.009920974201040588,0.01
880,20,true,true,true,1971.0,0.1,0.99,0.009920974201040588,0.01
881,20,true,true,true,1971.0,0.1,0.99,0.009920974201040588,0.01
882,20,true,true,true,1971.0,0.1,0.99,0.009920974201040588,0.01
883,20,true,true,true,1971.0,0.1,0.99,0.009920974201040588,0.01
884,20,true,true,true,1971.0,0.1,0.99,0.009920974201040588,0.01
885,20,true,true,true,1971.0,0.1,0.99,0.009920974201040588,0.01
886,20,true,true,true,1971.0,0.1,0.99,0.009920974201040588,0.01
887,20,true,true,true,1971.0,0.1,0.99,0.009920974201040588,0.01
888,20,true,true,true,1971.0,0.1,0.99,0.009920974201040588,0.01
889,20,true,true,true,1971.0,0.1,0.99,0.009920974201040588,0.01
890,20,true,true,true,1971.0,0.1,0.99,0.009920974201040588,0.01
891,20,true,true,true,1971.0,0.1,0.99,0.009920974201040588,0.01
892,20,true,true,true,1971.0,0.1,0.99,0.009920974201040588,0.01
893,20,true,true,true,1971.0,0.1,0.99,0.009920974201040588,0.01
894,20,true,true,true,1971.0,0.1,0.99,0.009920974201040588,0.01
895,20,true,true,true,1971.0,0.1,0.99,0.009920974201040588,0.01
896,20,true,true,true,1971.0,0.1,0.99,0.009920974201040588,0.01
897,20,true,true,true,1971.0,0.1,0.99,0.009920974201040588,0.01
898,22,true,true,true,1969.0,0.1,0.99,0.009920974201040588,0.01
899,23,true,true,true,1468.0,0.1,0.99,0.009920974201040588,0.01
900,20,true,true,true,1971.0,0.1,0.99,0.009920974201040588,0.01
901,20,true,true,true,1971.0,0.1,0.99,0.009920974201040588,0.01
902,20,true,true,true,1971.0,0.1,0.99,0.009920974201040588,0.01
903,20,true,true,true,1971.0,0.1,0.99,0.009920974201040588,0.01
904,20,true,true,true,1971.0,0.1,0.99,0.009920974201040588,0.01
905,20,true,true,true,1971.0,0.1,0.99,0.009920974201040588,0.01
906,6,false,true,false,-2015.0,0.1,0.99,0.009920974201040588,0.01
907,20,true,true,true,1971.0,0.1,0.99,0.009920974201040588,0.01
908,20,true,true,true,1971.0,0.1,0.99,0.009920974201040588,0.01
909,20,true,true,true,1971.0,0.1,0.99,0.009920974201040588,0.01
910,20,true,true,true,1971.0,0.1,0.99,0.009920974201040588,0.01
911,20,true,true,true,1971.0,0.1,0.99,0.009920974201040588,0.01
912,20,true,true,true,1971.0,0.1,0.99,0.009920974201040588,0.01
913,21,true,true,true,1960.0,0.1,0.99,0.009920974201040588,0.01
914,21,true,true,true,1470.0,0.1,0.99,0.009920974201040588,0.01
915,23,true,true,true,1468.0,0.1,0.99,0.009920974201040588,0.01
916,20,true,true,true,1971.0,0.1,0.99,0.009920974201040588,0.01
917,20,true,true,true,1971.0,0.1,0.99,0.009920974201040588,0.01
918,20,true,true,true,1971.0,0.1,0.99,0.009920974201040588,0.01
919,20,true,true,true,1971.0,0.1,0.99,0.009920974201040588,0.01
920,20,true,true,true,1971.0,0.1,0.99,0.009920974201040588,0.01
921,20,true,true,true,1971.0,0.1,0.99,0.009920974201040588,0.01
922,20,true,true,true,1971.0,0.1,0.99,0.009920974201040588,0.01
923,20,true,true,true,1971.0,0.1,0.99,0.009920974201040588,0.01
924,20,true,true,true,1971.0,0.1,0.99,0.009920974201040588,0.01
925,20,true,true,true,1971.0,0.1,0.99,0.009920974201040588,0.01
926,20,true,true,true,1971.0,0.1,0.99,0.009920974201040588,0.01
927,20,true,true,true,1971.0,0.1,0.99,0.009920974201040588,0.01
928,20,true,true,true,1971.0,0.1,0.99,0.009920974201040588,0.01
929,20,true,true,true,1971.0,0.1,0.99,0.009920974201040588,0.01
930,20,true,true,true,1971.0,0.1,0.99,0.009920974201040588,0.01
931,20,true,true,true,1971.0,0.1,0.99,0.009920974201040588,0.01
932,21,true,true,true,1960.0,0.1,0.99,0.009920974201040588,0.01
933,20,true,true,true,1971.0,0.1,0.99,0.009920974201040588,0.01
934,22,true,true,true,1969.0,0.1,0.99,0.009920974201040588,0.01
935,21,true,true,true,1960.0,0.1,0.99,0.009920974201040588,0.01
936,21,true,true,true,1470.0,0.1,0.99,0.009920974201040588,0.01
937,20,true,true,true,1971.0,0.1,0.99,0.009920974201040588,0.01
938,20,true,true,true,1971.0,0.1,0.99,0.009920974201040588,0.01
939,20,true,true,true,1971.0,0.1,0.99,0.009920974201040588,0.01
940,20,true,true,true,1971.0,0.1,0.99,0.009920974201040588,0.01
941,20,true,true,true,1971.0,0.1,0.99,0.009920974201040588,0.01
942,20,true,true,true,1971.0,0.1,0.99,0.009920974201040588,0.01
943,20,true,true,true,1971.0,0.1,0.99,0.009920974201040588,0.01
944,20,true,true,true,1971.0,0.1,0.99,0.009920974201040588,0.01
945,20,true,true,true,1971.0,0.1,0.99,0.009920974201040588,0.01
946,20,true,true,true,1971.0,0.1,0.99,0.009920974201040588,0.01
947,20,true,true,true,1971.0,0.1,0.99,0.009920974201040588,0.01
948,21,true,true,true,1960.0,0.1,0.99,0.009920974201040588,0.01
949,20,true,true,true,1971.0,0.1,0.99,0.009920974201040588,0.01
950,20,true,true,true,1971.0,0.1,0.99,0.009920974201040588,0.01
951,20,true,true,true,1971.0,0.1,0.99,0.009920974201040588,0.01
952,20,true,true,true,1971.0,0.1,0.99,0.009920974201040588,0.01
953,20,true,true,true,1971.0,0.1,0.99,0.009920974201040588,0.01
954,20,true,true,true,1971.0,0.1,0.99,0.009920974201040588,0.01
955,1435,false,false,false,-4294.0,0.1,0.99,0.009920974201040588,0.01
956,20,true,true,true,1971.0,0.1,0.99,0.009920974201040588,0.01
957,20,true,true,true,1971.0,0.1,0.99,0.009920974201040588,0.01
958,20,true,true,true,1971.0,0.1,0.99,0.009920974201040588,0.01
959,20,true,true,true,1971.0,0.1,0.99,0.009920974201040588,0.01
960,20,true,true,true,1971.0,0.1,0.99,0.009920974201040588,0.01
961,20,true,true,true,1971.0,0.1,0.99,0.009920974201040588,0.01
962,21,true,true,true,1960.0,0.1,0.99,0.009920974201040588,0.01
963,20,true,true,true,1971.0,0.1,0.99,0.009920974201040588,0.01
964,21,true,true,true,1960.0,0.1,0.99,0.009920974201040588,0.01
965,20,true,true,true,1971.0,0.1,0.99,0.009920974201040588,0.01
966,22,true,true,true,1969.0,0.1,0.99,0.009920974201040588,0.01
967,20,true,true,true,1971.0,0.1,0.99,0.009920974201040588,0.01
968,22,true,true,true,1969.0,0.1,0.99,0.009920974201040588,0.01
969,21,true,true,true,1470.0,0.1,0.99,0.009920974201040588,0.01
970,20,true,true,true,1971.0,0.1,0.99,0.009920974201040588,0.01
971,20,true,true,true,1971.0,0.1,0.99,0.009920974201040588,0.01
972,21,true,true,true,1960.0,0.1,0.99,0.009920974201040588,0.01
973,20,true,true,true,1971.0,0.1,0.99,0.009920974201040588,0.01
974,20,true,true,true,1971.0,0.1,0.99,0.009920974201040588,0.01
975,20,true,true,true,1971.0,0.1,0.99,0.009920974201040588,0.01
976,20,true,true,true,1971.0,0.1,0.99,0.009920974201040588,0.01
977,20,true,true,true,1971.0,0.1,0.99,0.009920974201040588,0.01
978,25,true,true,true,1466.0,0.1,0.99,0.009920974201040588,0.01
979,20,true,true,true,1971.0,0.1,0.99,0.009920974201040588,0.01
980,20,true,true,true,1971.0,0.1,0.99,0.009920974201040588,0.01
981,20,true,true,true,1971.0,0.1,0.99,0.009920974201040588,0.01
982,20,true,true,true,1971.0,0.1,0.99,0.009920974201040588,0.01
983,21,true,true,true,1960.0,0.1,0.99,0.009920974201040588,0.01
984,20,true,true,true,1971.0,0.1,0.99,0.009920974201040588,0.01
985,20,true,true,true,1971.0,0.1,0.99,0.009920974201040588,0.01
986,20,true,true,true,1971.0,0.1,0.99,0.009920974201040588,0.01
987,20,true,true,true,1971.0,0.1,0.99,0.009920974201040588,0.01
988,20,true,true,true,1971.0,0.1,0.99,0.009920974201040588,0.01
989,20,true,true,true,1971.0,0.1,0.99,0.009920974201040588,0.01
990,20,true,true,true,1971.0,0.1,0.99,0.009920974201040588,0.01
991,21,true,true,true,1960.0,0.1,0.99,0.009920974201040588,0.01
992,20,true,true,true,1971.0,0.1,0.99,0.009920974201040588,0.01
993,20,true,true,true,1971.0,0.1,0.99,0.009920974201040588,0.01
994,20,true,true,true,1971.0,0.1,0.99,0.009920974201040588,0.01
995,20,true,true,true,1971.0,0.1,0.99,0.009920974201040588,0.01
996,20,true,true,true,1971.0,0.1,0.99,0.009920974201040588,0.01
997,20,true,true,true,1971.0,0.1,0.99,0.009920974201040588,0.01
998,20,true,true,true,1971.0,0.1,0.99,0.009920974201040588,0.01
999,20,true,true,true,1971.0,0.1,0.99,0.009920974201040588,0.01
1000,20,true,true,true,1971.0,0.1,0.99,0.009920974201040588,0.01
1001,20,true,true,true,1971.0,0.1,0.99,0.009920974201040588,0.01
1002,20,true,true,true,1971.0,0.1,0.99,0.009920974201040588,0.01
1003,20,true,true,true,1971.0,0.1,0.99,0.009920974201040588,0.01
1004,20,true,true,true,1971.0,0.1,0.99,0.009920974201040588,0.01
1005,20,true,true,true,1971.0,0.1,0.99,0.009920974201040588,0.01
1006,21,true,true,true,1470.0,0.1,0.99,0.009920974201040588,0.01
1007,20,true,true,true,1971.0,0.1,0.99,0.009920974201040588,0.01
1008,20,true,true,true,1971.0,0.1,0.99,0.009920974201040588,0.01
1009,20,true,true,true,1971.0,0.1,0.99,0.009920974201040588,0.01
1010,21,true,true,true,1960.0,0.1,0.99,0.009920974201040588,0.01
1011,20,true,true,true,1971.0,0.1,0.99,0.009920974201040588,0.01
1012,20,true,true,true,1971.0,0.1,0.99,0.009920974201040588,0.01
1013,20,true,true,true,1971.0,0.1,0.99,0.009920974201040588,0.01
1014,4,false,false,false,-2003.0,0.1,0.99,0.009920974201040588,0.01
1015,20,true,true,true,1971.0,0.1,0.99,0.009920974201040588,0.01
1016,20,true,true,true,1971.0,0.1,0.99,0.009920974201040588,0.01
1017,20,true,true,true,1971.0,0.1,0.99,0.009920974201040588,0.01
1018,20,true,true,true,1971.0,0.1,0.99,0.009920974201040588,0.01
1019,20,true,true,true,1971.0,0.1,0.99,0.009920974201040588,0.01
1020,20,true,true,true,1971.0,0.1,0.99,0.009920974201040588,0.01
1021,20,true,true,true,1971.0,0.1,0.99,0.009920974201040588,0.01
1022,20,true,true,true,1971.0,0.1,0.99,0.009920974201040588,0.01
1023,20,true,true,true,1971.0,0.1,0.99,0.009920974201040588,0.01
1024,20,true,true,true,1971.0,0.1,0.99,0.009920974201040588,0.01
1025,20,true,true,true,1971.0,0.1,0.99,0.009920974201040588,0.01
1026,20,true,true,true,1971.0,0.1,0.99,0.009920974201040588,0.01
1027,20,true,true,true,1971.0,0.1,0.99,0.009920974201040588,0.01
1028,20,true,true,true,1971.0,0.1,0.99,0.009920974201040588,0.01
1029,20,true,true,true,1971.0,0.1,0.99,0.009920974201040588,0.01
1030,20,true,true,true,1971.0,0.1,0.99,0.009920974201040588,0.01
1031,20,true,true,true,1971.0,0.1,0.99,0.009920974201040588,0.01
1032,20,true,true,true,1971.0,0.1,0.99,0.009920974201040588,0.01
1033,20,true,true,true,1971.0,0.1,0.99,0.009920974201040588,0.01
1034,20,true,true,true,1971.0,0.1,0.99,0.009920974201040588,0.01
1035,20,true,true,true,1971.0,0.1,0.99,0.009920974201040588,0.01
1036,20,true,true,true,1971.0,0.1,0.99,0.009920974201040588,0.01
1037,20,true,true,true,1971.0,0.1,0.99,0.009920974201040588,0.01
1038,20,true,true,true,1971.0,0.1,0.99,0.009920974201040588,0.01
1039,23,true,true,true,1468.0,0.1,0.99,0.009920974201040588,0.01
1040,20,true,true,true,1971.0,0.1,0.99,0.009920974201040588,0.01
1041,20,true,true,true,1971.0,0.1,0.99,0.009920974201040588,0.01
1042,21,true,true,true,1970.0,0.1,0.99,0.009920974201040588,0.01
1043,20,true,true,true,1971.0,0.1,0.99,0.009920974201040588,0.01
1044,20,true,true,true,1971.0,0.1,0.99,0.009920974201040588,0.01
1045,21,true,true,true,1960.0,0.1,0.99,0.009920974201040588,0.01
1046,20,true,true,true,1971.0,0.1,0.99,0.009920974201040588,0.01
1047,21,true,true,true,1960.0,0.1,0.99,0.009920974201040588,0.01
1048,21,true,true,true,1960.0,0.1,0.99,0.009920974201040588,0.01
1049,21,true,true,true,1470.0,0.1,0.99,0.009920974201040588,0.01
1050,20,true,true,true,1971.0,0.1,0.99,0.009920974201040588,0.01
1051,20,true,true,true,1971.0,0.1,0.99,0.009920974201040588,0.01
1052,20,true,true,true,1971.0,0.1,0.99,0.009920974201040588,0.01
1053,20,true,true,true,1971.0,0.1,0.99,0.009920974201040588,0.01
1054,20,true,true,true,1971.0,0.1,0.99,0.009920974201040588,0.01
1055,20,true,true,true,1971.0,0.1,0.99,0.009920974201040588,0.01
1056,20,true,true,true,1971.0,0.1,0.99,0.009920974201040588,0.01
1057,20,true,true,true,1971.0,0.1,0.99,0.009920974201040588,0.01
1058,22,true,true,true,1459.0,0.1,0.99,0.009920974201040588,0.01
1059,20,true,true,true,1971.0,0.1,0.99,0.009920974201040588,0.01
1060,20,true,true,true,1971.0,0.1,0.99,0.009920974201040588,0.01
1061,20,true,true,true,1971.0,0.1,0.99,0.009920974201040588,0.01
1062,20,true,true,true,1971.0,0.1,0.99,0.009920974201040588,0.01
1063,20,true,true,true,1971.0,0.1,0.99,0.009920974201040588,0.01
1064,20,true,true,true,1971.0,0.1,0.99,0.009920974201040588,0.01
1065,20,true,true,true,1971.0,0.1,0.99,0.009920974201040588,0.01
1066,21,true,true,true,1970.0,0.1,0.99,0.009920974201040588,0.01
1067,20,true,true,true,1971.0,0.1,0.99,0.009920974201040588,0.01
1068,20,true,true,true,1971.0,0.1,0.99,0.009920974201040588,0.01
1069,20,true,true,true,1971.0,0.1,0.99,0.009920974201040588,0.01
1070,20,true,true,true,1971.0,0.1,0.99,0.009920974201040588,0.01
1071,20,true,true,true,1971.0,0.1,0.99,0.009920974201040588,0.01
1072,20,true,true,true,1971.0,0.1,0.99,0.009920974201040588,0.01
1073,20,true,true,true,1971.0,0.1,0.99,0.009920974201040588,0.01
1074,20,true,true,true,1971.0,0.1,0.99,0.009920974201040588,0.01
1075,20,true,true,true,1971.0,0.1,0.99,0.009920974201040588,0.01
1076,20,true,true,true,1971.0,0.1,0.99,0.009920974201040588,0.01
1077,20,true,true,true,1971.0,0.1,0.99,0.009920974201040588,0.01
1078,20,true,true,true,1971.0,0.1,0.99,0.009920974201040588,0.01
1079,20,true,true,true,1971.0,0.1,0.99,0.009920974201040588,0.01
1080,20,true,true,true,1971.0,0.1,0.99,0.009920974201040588,0.01
1081,20,true,true,true,1971.0,0.1,0.99,0.009920974201040588,0.01
1082,20,true,true,true,1971.0,0.1,0.99,0.009920974201040588,0.01
1083,20,true,true,true,1971.0,0.1,0.99,0.009920974201040588,0.01
1084,20,true,true,true,1971.0,0.1,0.99,0.009920974201040588,0.01
1085,20,true,true,true,1971.0,0.1,0.99,0.009920974201040588,0.01
1086,20,true,true,true,1971.0,0.1,0.99,0.009920974201040588,0.01
1087,20,true,true,true,1971.0,0.1,0.99,0.009920974201040588,0.01
1088,20,true,true,true,1971.0,0.1,0.99,0.009920974201040588,0.01
1089,22,true,true,true,1969.0,0.1,0.99,0.009920974201040588,0.01
1090,20,true,true,true,1971.0,0.1,0.99,0.009920974201040588,0.01
1091,20,true,true,true,1971.0,0.1,0.99,0.009920974201040588,0.01
1092,20,true,true,true,1971.0,0.1,0.99,0.009920974201040588,0.01
1093,20,true,true,true,1971.0,0.1,0.99,0.009920974201040588,0.01
1094,20,true,true,true,1971.0,0.1,0.99,0.009920974201040588,0.01
1095,21,true,true,true,1960.0,0.1,0.99,0.009920974201040588,0.01
1096,20,true,true,true,1971.0,0.1,0.99,0.009920974201040588,0.01
1097,20,true,true,true,1971.0,0.1,0.99,0.009920974201040588,0.01
1098,22,true,true,true,1969.0,0.1,0.99,0.009920974201040588,0.01
1099,20,true,true,true,1971.0,0.1,0.99,0.009920974201040588,0.01
1100,21,true,true,true,1960.0,0.1,0.99,0.009920974201040588,0.01
1101,20,true,true,true,1971.0,0.1,0.99,0.009920974201040588,0.01
1102,20,true,true,true,1971.0,0.1,0.99,0.009920974201040588,0.01
1103,20,true,true,true,1971.0,0.1,0.99,0.009920974201040588,0.01
1104,20,true,true,true,1971.0,0.1,0.99,0.009920974201040588,0.01
1105,20,true,true,true,1971.0,0.1,0.99,0.009920974201040588,0.01
1106,20,true,true,true,1971.0,0.1,0.99,0.009920974201040588,0.01
1107,20,true,true,true,1971.0,0.1,0.99,0.009920974201040588,0.01
1108,20,true,true,true,1971.0,0.1,0.99,0.009920974201040588,0.01
1109,20,true,true,true,1971.0,0.1,0.99,0.009920974201040588,0.01
1110,20,true,true,true,1971.0,0.1,0.99,0.009920974201040588,0.01
1111,20,true,true,true,1971.0,0.1,0.99,0.009920974201040588,0.01
1112,20,true,true,true,1971.0,0.1,0.99,0.009920974201040588,0.01
1113,22,true,true,true,1969.0,0.1,0.99,0.009920974201040588,0.01
1114,20,true,true,true,1971.0,0.1,0.99,0.009920974201040588,0.01
1115,20,true,true,true,1971.0,0.1,0.99,0.009920974201040588,0.01
1116,20,true,true,true,1971.0,0.1,0.99,0.009920974201040588,0.01
1117,20,true,true,true,1971.0,0.1,0.99,0.009920974201040588,0.01
1118,20,true,true,true,1971.0,0.1,0.99,0.009920974201040588,0.01
1119,20,true,true,true,1971.0,0.1,0.99,0.009920974201040588,0.01
1120,20,true,true,true,1971.0,0.1,0.99,0.009920974201040588,0.01
1121,20,true,true,true,1971.0,0.1,0.99,0.009920974201040588,0.01
1122,20,true,true,true,1971.0,0.1,0.99,0.009920974201040588,0.01
1123,20,true,true,true,1971.0,0.1,0.99,0.009920974201040588,0.01
1124,20,true,true,true,1971.0,0.1,0.99,0.009920974201040588,0.01
1125,20,true,true,true,1971.0,0.1,0.99,0.009920974201040588,0.01
1126,20,true,true,true,1971.0,0.1,0.99,0.009920974201040588,0.01
1127,20,true,true,true,1971.0,0.1,0.99,0.009920974201040588,0.01
1128,20,true,true,true,1971.0,0.1,0.99,0.009920974201040588,0.01
1129,20,true,true,true,1971.0,0.1,0.99,0.009920974201040588,0.01
1130,20,true,true,true,1971.0,0.1,0.99,0.009920974201040588,0.01
1131,20,true,true,true,1971.0,0.1,0.99,0.009920974201040588,0.01
1132,20,true,true,true,1971.0,0.1,0.99,0.009920974201040588,0.01
1133,20,true,true,true,1971.0,0.1,0.99,0.009920974201040588,0.01
1134,20,true,true,true,1971.0,0.1,0.99,0.009920974201040588,0.01
1135,20,true,true,true,1971.0,0.1,0.99,0.009920974201040588,0.01
1136,20,true,true,true,1971.0,0.1,0.99,0.009920974201040588,0.01
1137,20,true,true,true,1971.0,0.1,0.99,0.009920974201040588,0.01
1138,20,true,true,true,1971.0,0.1,0.99,0.009920974201040588,0.01
1139,22,true,true,true,1969.0,0.1,0.99,0.009920974201040588,0.01
1140,20,true,true,true,1971.0,0.1,0.99,0.009920974201040588,0.01
1141,20,true,true,true,1971.0,0.1,0.99,0.009920974201040588,0.01
1142,20,true,true,true,1971.0,0.1,0.99,0.009920974201040588,0.01
1143,20,true,true,true,1971.0,0.1,0.99,0.009920974201040588,0.01
1144,20,true,true,true,1971.0,0.1,0.99,0.009920974201040588,0.01
1145,20,true,true,true,1971.0,0.1,0.99,0.009920974201040588,0.01
1146,20,true,true,true,1971.0,0.1,0.99,0.009920974201040588,0.01
1147,20,true,true,true,1971.0,0.1,0.99,0.009920974201040588,0.01
1148,20,true,true,true,1971.0,0.1,0.99,0.009920974201040588,0.01
1149,20,true,true,true,1971.0,0.1,0.99,0.009920974201040588,0.01
1150,20,true,true,true,1971.0,0.1,0.99,0.009920974201040588,0.01
1151,20,true,true,true,1971.0,0.1,0.99,0.009920974201040588,0.01
1152,20,true,true,true,1971.0,0.1,0.99,0.009920974201040588,0.01
1153,20,true,true,true,1971.0,0.1,0.99,0.009920974201040588,0.01
1154,22,true,true,true,1969.0,0.1,0.99,0.009920974201040588,0.01
1155,21,true,true,true,1970.0,0.1,0.99,0.009920974201040588,0.01
1156,23,true,true,true,958.0,0.1,0.99,0.009920974201040588,0.01
1157,20,true,true,true,1971.0,0.1,0.99,0.009920974201040588,0.01
1158,20,true,true,true,1971.0,0.1,0.99,0.009920974201040588,0.01
1159,20,true,true,true,1971.0,0.1,0.99,0.009920974201040588,0.01
1160,20,true,true,true,1971.0,0.1,0.99,0.009920974201040588,0.01
1161,20,true,true,true,1971.0,0.1,0.99,0.009920974201040588,0.01
1162,21,true,true,true,1970.0,0.1,0.99,0.009920974201040588,0.01
1163,20,true,true,true,1971.0,0.1,0.99,0.009920974201040588,0.01
1164,20,true,true,true,1971.0,0.1,0.99,0.009920974201040588,0.01
1165,20,true,true,true,1971.0,0.1,0.99,0.009920974201040588,0.01
1166,21,true,true,true,1960.0,0.1,0.99,0.009920974201040588,0.01
1167,22,true,true,true,1969.0,0.1,0.99,0.009920974201040588,0.01
1168,20,true,true,true,1971.0,0.1,0.99,0.009920974201040588,0.01
1169,20,true,true,true,1971.0,0.1,0.99,0.009920974201040588,0.01
1170,21,true,true,true,1960.0,0.1,0.99,0.009920974201040588,0.01
1171,20,true,true,true,1971.0,0.1,0.99,0.009920974201040588,0.01
1172,195,false,false,false,-2224.0,0.1,0.99,0.009920974201040588,0.01
1173,20,true,true,true,1971.0,0.1,0.99,0.009920974201040588,0.01
1174,20,true,true,true,1971.0,0.1,0.99,0.009920974201040588,0.01
1175,21,true,true,true,1470.0,0.1,0.99,0.009920974201040588,0.01
1176,20,true,true,true,1971.0,0.1,0.99,0.009920974201040588,0.01
1177,20,true,true,true,1971.0,0.1,0.99,0.009920974201040588,0.01
1178,20,true,true,true,1971.0,0.1,0.99,0.009920974201040588,0.01
1179,20,true,true,true,1971.0,0.1,0.99,0.009920974201040588,0.01
1180,20,true,true,true,1971.0,0.1,0.99,0.009920974201040588,0.01
1181,20,true,true,true,1971.0,0.1,0.99,0.009920974201040588,0.01
1182,20,true,true,true,1971.0,0.1,0.99,0.009920974201040588,0.01
1183,20,true,true,true,1971.0,0.1,0.99,0.009920974201040588,0.01
1184,20,true,true,true,1971.0,0.1,0.99,0.009920974201040588,0.01
1185,20,true,true,true,1971.0,0.1,0.99,0.009920974201040588,0.01
1186,20,true,true,true,1971.0,0.1,0.99,0.009920974201040588,0.01
1187,20,true,true,true,1971.0,0.1,0.99,0.009920974201040588,0.01
1188,20,true,true,true,1971.0,0.1,0.99,0.009920974201040588,0.01
1189,20,true,true,true,1971.0,0.1,0.99,0.009920974201040588,0.01
1190,20,true,true,true,1971.0,0.1,0.99,0.009920974201040588,0.01
1191,21,true,true,true,1970.0,0.1,0.99,0.009920974201040588,0.01
1192,20,true,true,true,1971.0,0.1,0.99,0.009920974201040588,0.01
1193,20,true,true,true,1971.0,0.1,0.99,0.009920974201040588,0.01
1194,20,true,true,true,1971.0,0.1,0.99,0.009920974201040588,0.01
1195,20,true,true,true,1971.0,0.1,0.99,0.009920974201040588,0.01
1196,20,true,true,true,1971.0,0.1,0.99,0.009920974201040588,0.01
1197,20,true,true,true,1971.0,0.1,0.99,0.009920974201040588,0.01
1198,20,true,true,true,1971.0,0.1,0.99,0.009920974201040588,0.01
1199,21,true,true,true,1960.0,0.1,0.99,0.009920974201040588,0.01
1200,20,true,true,true,1971.0,0.1,0.99,0.009920974201040588,0.01
1201,21,true,true,true,1470.0,0.1,0.99,0.009920974201040588,0.01
1202,20,true,true,true,1971.0,0.1,0.99,0.009920974201040588,0.01
1203,21,true,true,true,1960.0,0.1,0.99,0.009920974201040588,0.01
1204,20,true,true,true,1971.0,0.1,0.99,0.009920974201040588,0.01
1205,20,true,true,true,1971.0,0.1,0.99,0.009920974201040588,0.01
1206,20,true,true,true,1971.0,0.1,0.99,0.009920974201040588,0.01
1207,20,true,true,true,1971.0,0.1,0.99,0.009920974201040588,0.01
1208,21,true,true,true,1970.0,0.1,0.99,0.009920974201040588,0.01
1209,20,true,true,true,1971.0,0.1,0.99,0.009920974201040588,0.01
1210,21,true,true,true,1960.0,0.1,0.99,0.009920974201040588,0.01
1211,20,true,true,true,1971.0,0.1,0.99,0.009920974201040588,0.01
1212,20,true,true,true,1971.0,0.1,0.99,0.009920974201040588,0.01
1213,20,true,true,true,1971.0,0.1,0.99,0.009920974201040588,0.01
1214,20,true,true,true,1971.0,0.1,0.99,0.009920974201040588,0.01
1215,20,true,true,true,1971.0,0.1,0.99,0.009920974201040588,0.01
1216,20,true,true,true,1971.0,0.1,0.99,0.009920974201040588,0.01
1217,20,true,true,true,1971.0,0.1,0.99,0.009920974201040588,0.01
1218,20,true,true,true,1971.0,0.1,0.99,0.009920974201040588,0.01
1219,20,true,true,true,1971.0,0.1,0.99,0.009920974201040588,0.01
1220,20,true,true,true,1971.0,0.1,0.99,0.009920974201040588,0.01
1221,20,true,true,true,1971.0,0.1,0.99,0.009920974201040588,0.01
1222,20,true,true,true,1971.0,0.1,0.99,0.009920974201040588,0.01
1223,20,true,true,true,1971.0,0.1,0.99,0.009920974201040588,0.01
1224,20,true,true,true,1971.0,0.1,0.99,0.009920974201040588,0.01
1225,20,true,true,true,1971.0,0.1,0.99,0.009920974201040588,0.01
1226,21,true,true,true,1970.0,0.1,0.99,0.009920974201040588,0.01
1227,21,true,true,true,1960.0,0.1,0.99,0.009920974201040588,0.01
1228,20,true,true,true,1971.0,0.1,0.99,0.009920974201040588,0.01
1229,20,true,true,true,1971.0,0.1,0.99,0.009920974201040588,0.01
1230,20,true,true,true,1971.0,0.1,0.99,0.009920974201040588,0.01
1231,20,true,true,true,1971.0,0.1,0.99,0.009920974201040588,0.01
1232,20,true,true,true,1971.0,0.1,0.99,0.009920974201040588,0.01
1233,20,true,true,true,1971.0,0.1,0.99,0.009920974201040588,0.01
1234,20,true,true,true,1971.0,0.1,0.99,0.009920974201040588,0.01
1235,20,true,true,true,1971.0,0.1,0.99,0.009920974201040588,0.01
1236,20,true,true,true,1971.0,0.1,0.99,0.009920974201040588,0.01
1237,20,true,true,true,1971.0,0.1,0.99,0.009920974201040588,0.01
1238,20,true,true,true,1971.0,0.1,0.99,0.009920974201040588,0.01
1239,22,true,true,true,1969.0,0.1,0.99,0.009920974201040588,0.01
1240,20,true,true,true,1971.0,0.1,0.99,0.009920974201040588,0.01
1241,22,true,true,true,1969.0,0.1,0.99,0.009920974201040588,0.01
1242,20,true,true,true,1971.0,0.1,0.99,0.009920974201040588,0.01
1243,20,true,true,true,1971.0,0.1,0.99,0.009920974201040588,0.01
1244,21,true,true,true,1970.0,0.1,0.99,0.009920974201040588,0.01
1245,20,true,true,true,1971.0,0.1,0.99,0.009920974201040588,0.01
1246,20,true,true,true,1971.0,0.1,0.99,0.009920974201040588,0.01
1247,20,true,true,true,1971.0,0.1,0.99,0.009920974201040588,0.01
1248,20,true,true,true,1971.0,0.1,0.99,0.009920974201040588,0.01
1249,23,true,true,true,1468.0,0.1,0.99,0.009920974201040588,0.01
1250,20,true,true,true,1971.0,0.1,0.99,0.009920974201040588,0.01
1251,23,true,true,true,1468.0,0.1,0.99,0.009920974201040588,0.01
1252,21,true,true,true,1970.0,0.1,0.99,0.009920974201040588,0.01
1253,20,true,true,true,1971.0,0.1,0.99,0.009920974201040588,0.01
1254,20,true,true,true,1971.0,0.1,0.99,0.009920974201040588,0.01
1255,21,true,true,true,1960.0,0.1,0.99,0.009920974201040588,0.01
1256,20,true,true,true,1971.0,0.1,0.99,0.009920974201040588,0.01
1257,20,true,true,true,1971.0,0.1,0.99,0.009920974201040588,0.01
1258,20,true,true,true,1971.0,0.1,0.99,0.009920974201040588,0.01
1259,20,true,true,true,1971.0,0.1,0.99,0.009920974201040588,0.01
1260,20,true,true,true,1971.0,0.1,0.99,0.009920974201040588,0.01
1261,20,true,true,true,1971.0,0.1,0.99,0.009920974201040588,0.01
1262,20,true,true,true,1971.0,0.1,0.99,0.009920974201040588,0.01
1263,20,true,true,true,1971.0,0.1,0.99,0.009920974201040588,0.01
1264,20,true,true,true,1971.0,0.1,0.99,0.009920974201040588,0.01
1265,20,true,true,true,1971.0,0.1,0.99,0.009920974201040588,0.01
1266,20,true,true,true,1971.0,0.1,0.99,0.009920974201040588,0.01
1267,20,true,true,true,1971.0,0.1,0.99,0.009920974201040588,0.01
1268,20,true,true,true,1971.0,0.1,0.99,0.009920974201040588,0.01
1269,20,true,true,true,1971.0,0.1,0.99,0.009920974201040588,0.01
1270,20,true,true,true,1971.0,0.1,0.99,0.009920974201040588,0.01
1271,20,true,true,true,1971.0,0.1,0.99,0.009920974201040588,0.01
1272,20,true,true,true,1971.0,0.1,0.99,0.009920974201040588,0.01
1273,20,true,true,true,1971.0,0.1,0.99,0.009920974201040588,0.01
1274,20,true,true,true,1971.0,0.1,0.99,0.009920974201040588,0.01
1275,20,true,true,true,1971.0,0.1,0.99,0.009920974201040588,0.01
1276,21,true,true,true,1960.0,0.1,0.99,0.009920974201040588,0.01
1277,20,true,true,true,1971.0,0.1,0.99,0.009920974201040588,0.01
1278,20,true,true,true,1971.0,0.1,0.99,0.009920974201040588,0.01
1279,20,true,true,true,1971.0,0.1,0.99,0.009920974201040588,0.01
1280,20,true,true,true,1971.0,0.1,0.99,0.009920974201040588,0.01
1281,20,true,true,true,1971.0,0.1,0.99,0.009920974201040588,0.01
1282,20,true,true,true,1971.0,0.1,0.99,0.009920974201040588,0.01
1283,20,true,true,true,1971.0,0.1,0.99,0.009920974201040588,0.01
1284,20,true,true,true,1971.0,0.1,0.99,0.009920974201040588,0.01
1285,20,true,true,true,1971.0,0.1,0.99,0.009920974201040588,0.01
1286,20,true,true,true,1971.0,0.1,0.99,0.009920974201040588,0.01
1287,20,true,true,true,1971.0,0.1,0.99,0.009920974201040588,0.01
1288,20,true,true,true,1971.0,0.1,0.99,0.009920974201040588,0.01
1289,20,true,true,true,1971.0,0.1,0.99,0.009920974201040588,0.01
1290,20,true,true,true,1971.0,0.1,0.99,0.009920974201040588,0.01
1291,20,true,true,true,1971.0,0.1,0.99,0.009920974201040588,0.01
1292,20,true,true,true,1971.0,0.1,0.99,0.009920974201040588,0.01
1293,21,true,true,true,1970.0,0.1,0.99,0.009920974201040588,0.01
1294,20,true,true,true,1971.0,0.1,0.99,0.009920974201040588,0.01
1295,20,true,true,true,1971.0,0.1,0.99,0.009920974201040588,0.01
1296,20,true,true,true,1971.0,0.1,0.99,0.009920974201040588,0.01
1297,20,true,true,true,1971.0,0.1,0.99,0.009920974201040588,0.01
1298,20,true,true,true,1971.0,0.1,0.99,0.009920974201040588,0.01
1299,21,true,true,true,1960.0,0.1,0.99,0.009920974201040588,0.01
1300,20,true,true,true,1971.0,0.1,0.99,0.009920974201040588,0.01
1301,20,true,true,true,1971.0,0.1,0.99,0.009920974201040588,0.01
1302,20,true,true,true,1971.0,0.1,0.99,0.009920974201040588,0.01
1303,23,true,true,true,1468.0,0.1,0.99,0.009920974201040588,0.01
1304,20,true,true,true,1971.0,0.1,0.99,0.009920974201040588,0.01
1305,20,true,true,true,1971.0,0.1,0.99,0.009920974201040588,0.01
1306,20,true,true,true,1971.0,0.1,0.99,0.009920974201040588,0.01
1307,20,true,true,true,1971.0,0.1,0.99,0.009920974201040588,0.01
1308,21,true,true,true,1470.0,0.1,0.99,0.009920974201040588,0.01
1309,23,true,true,true,1468.0,0.1,0.99,0.009920974201040588,0.01
1310,20,true,true,true,1971.0,0.1,0.99,0.009920974201040588,0.01
1311,20,true,true,true,1971.0,0.1,0.99,0.009920974201040588,0.01
1312,20,true,true,true,1971.0,0.1,0.99,0.009920974201040588,0.01
1313,20,true,true,true,1971.0,0.1,0.99,0.009920974201040588,0.01
1314,20,true,true,true,1971.0,0.1,0.99,0.009920974201040588,0.01
1315,20,true,true,true,1971.0,0.1,0.99,0.009920974201040588,0.01
1316,20,true,true,true,1971.0,0.1,0.99,0.009920974201040588,0.01
1317,20,true,true,true,1971.0,0.1,0.99,0.009920974201040588,0.01
1318,20,true,true,true,1971.0,0.1,0.99,0.009920974201040588,0.01
1319,21,true,true,true,1960.0,0.1,0.99,0.009920974201040588,0.01
1320,20,true,true,true,1971.0,0.1,0.99,0.009920974201040588,0.01
1321,20,true,true,true,1971.0,0.1,0.99,0.009920974201040588,0.01
1322,20,true,true,true,1971.0,0.1,0.99,0.009920974201040588,0.01
1323,20,true,true,true,1971.0,0.1,0.99,0.009920974201040588,0.01
1324,20,true,true,true,1971.0,0.1,0.99,0.009920974201040588,0.01
1325,20,true,true,true,1971.0,0.1,0.99,0.009920974201040588,0.01
1326,20,true,true,true,1971.0,0.1,0.99,0.009920974201040588,0.01
1327,20,true,true,true,1971.0,0.1,0.99,0.009920974201040588,0.01
1328,20,true,true,true,1971.0,0.1,0.99,0.009920974201040588,0.01
1329,20,true,true,true,1971.0,0.1,0.99,0.009920974201040588,0.01
1330,22,true,true,true,1949.0,0.1,0.99,0.009920974201040588,0.01
1331,20,true,true,true,1971.0,0.1,0.99,0.009920974201040588,0.01
1332,20,true,true,true,1971.0,0.1,0.99,0.009920974201040588,0.01
1333,20,true,true,true,1971.0,0.1,0.99,0.009920974201040588,0.01
1334,20,true,true,true,1971.0,0.1,0.99,0.009920974201040588,0.01
1335,20,true,true,true,1971.0,0.1,0.99,0.009920974201040588,0.01
1336,20,true,true,true,1971.0,0.1,0.99,0.009920974201040588,0.01
1337,20,true,true,true,1971.0,0.1,0.99,0.009920974201040588,0.01
1338,20,true,true,true,1971.0,0.1,0.99,0.009920974201040588,0.01
1339,20,true,true,true,1971.0,0.1,0.99,0.009920974201040588,0.01
1340,20,true,true,true,1971.0,0.1,0.99,0.009920974201040588,0.01
1341,21,true,true,true,1960.0,0.1,0.99,0.009920974201040588,0.01
1342,20,true,true,true,1971.0,0.1,0.99,0.009920974201040588,0.01
1343,20,true,true,true,1971.0,0.1,0.99,0.009920974201040588,0.01
1344,22,true,true,true,1969.0,0.1,0.99,0.009920974201040588,0.01
1345,20,true,true,true,1971.0,0.1,0.99,0.009920974201040588,0.01
1346,20,true,true,true,1971.0,0.1,0.99,0.009920974201040588,0.01
1347,20,true,true,true,1971.0,0.1,0.99,0.009920974201040588,0.01
1348,20,true,true,true,1971.0,0.1,0.99,0.009920974201040588,0.01
1349,20,true,true,true,1971.0,0.1,0.99,0.009920974201040588,0.01
1350,20,true,true,true,1971.0,0.1,0.99,0.009920974201040588,0.01
1351,21,true,true,true,1960.0,0.1,0.99,0.009920974201040588,0.01
1352,20,true,true,true,1971.0,0.1,0.99,0.009920974201040588,0.01
1353,20,true,true,true,1971.0,0.1,0.99,0.009920974201040588,0.01
1354,20,true,true,true,1971.0,0.1,0.99,0.009920974201040588,0.01
1355,20,true,true,true,1971.0,0.1,0.99,0.009920974201040588,0.01
1356,20,true,true,true,1971.0,0.1,0.99,0.009920974201040588,0.01
1357,20,true,true,true,1971.0,0.1,0.99,0.009920974201040588,0.01
1358,21,true,true,true,1470.0,0.1,0.99,0.009920974201040588,0.01
1359,20,true,true,true,1971.0,0.1,0.99,0.009920974201040588,0.01
1360,20,true,true,true,1971.0,0.1,0.99,0.009920974201040588,0.01
1361,20,true,true,true,1971.0,0.1,0.99,0.009920974201040588,0.01
1362,20,true,true,true,1971.0,0.1,0.99,0.009920974201040588,0.01
1363,20,true,true,true,1971.0,0.1,0.99,0.009920974201040588,0.01
1364,20,true,true,true,1971.0,0.1,0.99,0.009920974201040588,0.01
1365,21,true,true,true,1970.0,0.1,0.99,0.009920974201040588,0.01
1366,20,true,true,true,1971.0,0.1,0.99,0.009920974201040588,0.01
1367,20,true,true,true,1971.0,0.1,0.99,0.009920974201040588,0.01
1368,20,true,true,true,1971.0,0.1,0.99,0.009920974201040588,0.01
1369,20,true,true,true,1971.0,0.1,0.99,0.009920974201040588,0.01
1370,20,true,true,true,1971.0,0.1,0.99,0.009920974201040588,0.01
1371,20,true,true,true,1971.0,0.1,0.99,0.009920974201040588,0.01
1372,20,true,true,true,1971.0,0.1,0.99,0.009920974201040588,0.01
1373,20,true,true,true,1971.0,0.1,0.99,0.009920974201040588,0.01
1374,20,true,true,true,1971.0,0.1,0.99,0.009920974201040588,0.01
1375,20,true,true,true,1971.0,0.1,0.99,0.009920974201040588,0.01
1376,20,true,true,true,1971.0,0.1,0.99,0.009920974201040588,0.01
1377,20,true,true,true,1971.0,0.1,0.99,0.009920974201040588,0.01
1378,20,true,true,true,1971.0,0.1,0.99,0.009920974201040588,0.01
1379,20,true,true,true,1971.0,0.1,0.99,0.009920974201040588,0.01
1380,21,true,true,true,1470.0,0.1,0.99,0.009920974201040588,0.01
1381,20,true,true,true,1971.0,0.1,0.99,0.009920974201040588,0.01
1382,20,true,true,true,1971.0,0.1,0.99,0.009920974201040588,0.01
1383,20,true,true,true,1971.0,0.1,0.99,0.009920974201040588,0.01
1384,20,true,true,true,1971.0,0.1,0.99,0.009920974201040588,0.01
1385,20,true,true,true,1971.0,0.1,0.99,0.009920974201040588,0.01
1386,20,true,true,true,1971.0,0.1,0.99,0.009920974201040588,0.01
1387,20,true,true,true,1971.0,0.1,0.99,0.009920974201040588,0.01
1388,20,true,true,true,1971.0,0.1,0.99,0.009920974201040588,0.01
1389,20,true,true,true,1971.0,0.1,0.99,0.009920974201040588,0.01
1390,20,true,true,true,1971.0,0.1,0.99,0.009920974201040588,0.01
1391,20,true,true,true,1971.0,0.1,0.99,0.009920974201040588,0.01
1392,21,true,true,true,1960.0,0.1,0.99,0.009920974201040588,0.01
1393,20,true,true,true,1971.0,0.1,0.99,0.009920974201040588,0.01
1394,22,true,true,true,1969.0,0.1,0.99,0.009920974201040588,0.01
1395,20,true,true,true,1971.0,0.1,0.99,0.009920974201040588,0.01
1396,20,true,true,true,1971.0,0.1,0.99,0.009920974201040588,0.01
1397,20,true,true,true,1971.0,0.1,0.99,0.009920974201040588,0.01
1398,20,true,true,true,1971.0,0.1,0.99,0.009920974201040588,0.01
1399,20,true,true,true,1971.0,0.1,0.99,0.009920974201040588,0.01
1400,20,true,true,true,1971.0,0.1,0.99,0.009920974201040588,0.01
1401,20,true,true,true,1971.0,0.1,0.99,0.009920974201040588,0.01
1402,21,true,true,true,1960.0,0.1,0.99,0.009920974201040588,0.01
1403,20,true,true,true,1971.0,0.1,0.99,0.009920974201040588,0.01
1404,20,true,true,true,1971.0,0.1,0.99,0.009920974201040588,0.01
1405,20,true,true,true,1971.0,0.1,0.99,0.009920974201040588,0.01
1406,20,true,true,true,1971.0,0.1,0.99,0.009920974201040588,0.01
1407,20,true,true,true,1971.0,0.1,0.99,0.009920974201040588,0.01
1408,20,true,true,true,1971.0,0.1,0.99,0.009920974201040588,0.01
1409,20,true,true,true,1971.0,0.1,0.99,0.009920974201040588,0.01
1410,20,true,true,true,1971.0,0.1,0.99,0.009920974201040588,0.01
1411,20,true,true,true,1971.0,0.1,0.99,0.009920974201040588,0.01
1412,20,true,true,true,1971.0,0.1,0.99,0.009920974201040588,0.01
1413,20,true,true,true,1971.0,0.1,0.99,0.009920974201040588,0.01
1414,20,true,true,true,1971.0,0.1,0.99,0.009920974201040588,0.01
1415,20,true,true,true,1971.0,0.1,0.99,0.009920974201040588,0.01
1416,20,true,true,true,1971.0,0.1,0.99,0.009920974201040588,0.01
1417,20,true,true,true,1971.0,0.1,0.99,0.009920974201040588,0.01
1418,20,true,true,true,1971.0,0.1,0.99,0.009920974201040588,0.01
1419,20,true,true,true,1971.0,0.1,0.99,0.009920974201040588,0.01
1420,23,true,true,true,1468.0,0.1,0.99,0.009920974201040588,0.01
1421,20,true,true,true,1971.0,0.1,0.99,0.009920974201040588,0.01
1422,20,true,true,true,1971.0,0.1,0.99,0.009920974201040588,0.01
1423,20,true,true,true,1971.0,0.1,0.99,0.009920974201040588,0.01
1424,20,true,true,true,1971.0,0.1,0.99,0.009920974201040588,0.01
1425,22,true,true,true,1969.0,0.1,0.99,0.009920974201040588,0.01
1426,20,true,true,true,1971.0,0.1,0.99,0.009920974201040588,0.01
1427,20,true,true,true,1971.0,0.1,0.99,0.009920974201040588,0.01
1428,20,true,true,true,1971.0,0.1,0.99,0.009920974201040588,0.01
1429,20,true,true,true,1971.0,0.1,0.99,0.009920974201040588,0.01
1430,20,true,true,true,1971.0,0.1,0.99,0.009920974201040588,0.01
1431,20,true,true,true,1971.0,0.1,0.99,0.009920974201040588,0.01
1432,23,true,true,true,1468.0,0.1,0.99,0.009920974201040588,0.01
1433,168,false,false,false,-2207.0,0.1,0.99,0.009920974201040588,0.01
1434,20,true,true,true,1971.0,0.1,0.99,0.009920974201040588,0.01
1435,20,true,true,true,1971.0,0.1,0.99,0.009920974201040588,0.01
1436,20,true,true,true,1971.0,0.1,0.99,0.009920974201040588,0.01
1437,20,true,true,true,1971.0,0.1,0.99,0.009920974201040588,0.01
1438,21,true,true,true,1970.0,0.1,0.99,0.009920974201040588,0.01
1439,20,true,true,true,1971.0,0.1,0.99,0.009920974201040588,0.01
1440,20,true,true,true,1971.0,0.1,0.99,0.009920974201040588,0.01
1441,20,true,true,true,1971.0,0.1,0.99,0.009920974201040588,0.01
1442,20,true,true,true,1971.0,0.1,0.99,0.009920974201040588,0.01
1443,20,true,true,true,1971.0,0.1,0.99,0.009920974201040588,0.01
1444,20,true,true,true,1971.0,0.1,0.99,0.009920974201040588,0.01
1445,20,true,true,true,1971.0,0.1,0.99,0.009920974201040588,0.01
1446,20,true,true,true,1971.0,0.1,0.99,0.009920974201040588,0.01
1447,20,true,true,true,1971.0,0.1,0.99,0.009920974201040588,0.01
1448,20,true,true,true,1971.0,0.1,0.99,0.009920974201040588,0.01
1449,20,true,true,true,1971.0,0.1,0.99,0.009920974201040588,0.01
1450,20,true,true,true,1971.0,0.1,0.99,0.009920974201040588,0.01
1451,20,true,true,true,1971.0,0.1,0.99,0.009920974201040588,0.01
1452,20,true,true,true,1971.0,0.1,0.99,0.009920974201040588,0.01
1453,20,true,true,true,1971.0,0.1,0.99,0.009920974201040588,0.01
1454,20,true,true,true,1971.0,0.1,0.99,0.009920974201040588,0.01
1455,20,true,true,true,1971.0,0.1,0.99,0.009920974201040588,0.01
1456,20,true,true,true,1971.0,0.1,0.99,0.009920974201040588,0.01
1457,20,true,true,true,1971.0,0.1,0.99,0.009920974201040588,0.01
1458,20,true,true,true,1971.0,0.1,0.99,0.009920974201040588,0.01
1459,21,true,true,true,1970.0,0.1,0.99,0.009920974201040588,0.01
1460,20,true,true,true,1971.0,0.1,0.99,0.009920974201040588,0.01
1461,20,true,true,true,1971.0,0.1,0.99,0.009920974201040588,0.01
1462,20,true,true,true,1971.0,0.1,0.99,0.009920974201040588,0.01
1463,20,true,true,true,1971.0,0.1,0.99,0.009920974201040588,0.01
1464,20,true,true,true,1971.0,0.1,0.99,0.009920974201040588,0.01
1465,21,true,true,true,1970.0,0.1,0.99,0.009920974201040588,0.01
1466,20,true,true,true,1971.0,0.1,0.99,0.009920974201040588,0.01
1467,20,true,true,true,1971.0,0.1,0.99,0.009920974201040588,0.01
1468,20,true,true,true,1971.0,0.1,0.99,0.009920974201040588,0.01
1469,22,true,true,true,1969.0,0.1,0.99,0.009920974201040588,0.01
1470,20,true,true,true,1971.0,0.1,0.99,0.009920974201040588,0.01
1471,20,true,true,true,1971.0,0.1,0.99,0.009920974201040588,0.01
1472,20,true,true,true,1971.0,0.1,0.99,0.009920974201040588,0.01
1473,21,true,true,true,1970.0,0.1,0.99,0.009920974201040588,0.01
1474,20,true,true,true,1971.0,0.1,0.99,0.009920974201040588,0.01
1475,20,true,true,true,1971.0,0.1,0.99,0.009920974201040588,0.01
1476,20,true,true,true,1971.0,0.1,0.99,0.009920974201040588,0.01
1477,20,true,true,true,1971.0,0.1,0.99,0.009920974201040588,0.01
1478,21,true,true,true,1960.0,0.1,0.99,0.009920974201040588,0.01
1479,20,true,true,true,1971.0,0.1,0.99,0.009920974201040588,0.01
1480,20,true,true,true,1971.0,0.1,0.99,0.009920974201040588,0.01
1481,822,false,false,false,-3541.0,0.1,0.99,0.009920974201040588,0.01
1482,20,true,true,true,1971.0,0.1,0.99,0.009920974201040588,0.01
1483,20,true,true,true,1971.0,0.1,0.99,0.009920974201040588,0.01
1484,21,true,true,true,1960.0,0.1,0.99,0.009920974201040588,0.01
1485,20,true,true,true,1971.0,0.1,0.99,0.009920974201040588,0.01
1486,718,false,false,false,-3407.0,0.1,0.99,0.009920974201040588,0.01
1487,20,true,true,true,1971.0,0.1,0.99,0.009920974201040588,0.01
1488,20,true,true,true,1971.0,0.1,0.99,0.009920974201040588,0.01
1489,23,true,true,true,1468.0,0.1,0.99,0.009920974201040588,0.01
1490,21,true,true,true,1970.0,0.1,0.99,0.009920974201040588,0.01
1491,21,true,true,true,1970.0,0.1,0.99,0.009920974201040588,0.01
1492,20,true,true,true,1971.0,0.1,0.99,0.009920974201040588,0.01
1493,20,true,true,true,1971.0,0.1,0.99,0.009920974201040588,0.01
1494,20,true,true,true,1971.0,0.1,0.99,0.009920974201040588,0.01
1495,21,true,true,true,1960.0,0.1,0.99,0.009920974201040588,0.01
1496,20,true,true,true,1971.0,0.1,0.99,0.009920974201040588,0.01
1497,20,true,true,true,1971.0,0.1,0.99,0.009920974201040588,0.01
1498,20,true,true,true,1971.0,0.1,0.99,0.009920974201040588,0.01
1499,20,true,true,true,1971.0,0.1,0.99,0.009920974201040588,0.01
1500,20,true,true,true,1971.0,0.1,0.99,0.009920974201040588,0.01
1501,20,true,true,true,1971.0,0.1,0.99,0.009920974201040588,0.01
1502,20,true,true,true,1971.0,0.1,0.99,0.009920974201040588,0.01
1503,20,true,true,true,1971.0,0.1,0.99,0.009920974201040588,0.01
1504,21,true,true,true,1970.0,0.1,0.99,0.009920974201040588,0.01
1505,21,true,true,true,1970.0,0.1,0.99,0.009920974201040588,0.01
1506,20,true,true,true,1971.0,0.1,0.99,0.009920974201040588,0.01
1507,20,true,true,true,1971.0,0.1,0.99,0.009920974201040588,0.01
1508,20,true,true,true,1971.0,0.1,0.99,0.009920974201040588,0.01
1509,20,true,true,true,1971.0,0.1,0.99,0.009920974201040588,0.01
1510,20,true,true,true,1971.0,0.1,0.99,0.009920974201040588,0.01
1511,20,true,true,true,1971.0,0.1,0.99,0.009920974201040588,0.01
1512,20,true,true,true,1971.0,0.1,0.99,0.009920974201040588,0.01
1513,20,true,true,true,1971.0,0.1,0.99,0.009920974201040588,0.01
1514,20,true,true,true,1971.0,0.1,0.99,0.009920974201040588,0.01
1515,20,true,true,true,1971.0,0.1,0.99,0.009920974201040588,0.01
1516,20,true,true,true,1971.0,0.1,0.99,0.009920974201040588,0.01
1517,20,true,true,true,1971.0,0.1,0.99,0.009920974201040588,0.01
1518,20,true,true,true,1971.0,0.1,0.99,0.009920974201040588,0.01
1519,20,true,true,true,1971.0,0.1,0.99,0.009920974201040588,0.01
1520,20,true,true,true,1971.0,0.1,0.99,0.009920974201040588,0.01
1521,20,true,true,true,1971.0,0.1,0.99,0.009920974201040588,0.01
1522,20,true,true,true,1971.0,0.1,0.99,0.009920974201040588,0.01
1523,20,true,true,true,1971.0,0.1,0.99,0.009920974201040588,0.01
1524,20,true,true,true,1971.0,0.1,0.99,0.009920974201040588,0.01
1525,20,true,true,true,1971.0,0.1,0.99,0.009920974201040588,0.01
1526,20,true,true,true,1971.0,0.1,0.99,0.009920974201040588,0.01
1527,20,true,true,true,1971.0,0.1,0.99,0.009920974201040588,0.01
1528,20,true,true,true,1971.0,0.1,0.99,0.009920974201040588,0.01
1529,20,true,true,true,1971.0,0.1,0.99,0.009920974201040588,0.01
1530,20,true,true,true,1971.0,0.1,0.99,0.009920974201040588,0.01
1531,20,true,true,true,1971.0,0.1,0.99,0.009920974201040588,0.01
1532,20,true,true,true,1971.0,0.1,0.99,0.009920974201040588,0.01
1533,20,true,true,true,1971.0,0.1,0.99,0.009920974201040588,0.01
1534,20,true,true,true,1971.0,0.1,0.99,0.009920974201040588,0.01
1535,21,true,true,true,1960.0,0.1,0.99,0.009920974201040588,0.01
1536,20,true,true,true,1971.0,0.1,0.99,0.009920974201040588,0.01
1537,20,true,true,true,1971.0,0.1,0.99,0.009920974201040588,0.01
1538,20,true,true,true,1971.0,0.1,0.99,0.009920974201040588,0.01
1539,20,true,true,true,1971.0,0.1,0.99,0.009920974201040588,0.01
1540,20,true,true,true,1971.0,0.1,0.99,0.009920974201040588,0.01
1541,20,true,true,true,1971.0,0.1,0.99,0.009920974201040588,0.01
1542,20,true,true,true,1971.0,0.1,0.99,0.009920974201040588,0.01
1543,20,true,true,true,1971.0,0.1,0.99,0.009920974201040588,0.01
1544,20,true,true,true,1971.0,0.1,0.99,0.009920974201040588,0.01
1545,21,true,true,true,1960.0,0.1,0.99,0.009920974201040588,0.01
1546,22,true,true,true,1969.0,0.1,0.99,0.009920974201040588,0.01
1547,20,true,true,true,1971.0,0.1,0.99,0.009920974201040588,0.01
1548,20,true,true,true,1971.0,0.1,0.99,0.009920974201040588,0.01
1549,20,true,true,true,1971.0,0.1,0.99,0.009920974201040588,0.01
1550,20,true,true,true,1971.0,0.1,0.99,0.009920974201040588,0.01
1551,20,true,true,true,1971.0,0.1,0.99,0.009920974201040588,0.01
1552,20,true,true,true,1971.0,0.1,0.99,0.009920974201040588,0.01
1553,20,true,true,true,1971.0,0.1,0.99,0.009920974201040588,0.01
1554,20,true,true,true,1971.0,0.1,0.99,0.009920974201040588,0.01
1555,20,true,true,true,1971.0,0.1,0.99,0.009920974201040588,0.01
1556,20,true,true,true,1971.0,0.1,0.99,0.009920974201040588,0.01
1557,20,true,true,true,1971.0,0.1,0.99,0.009920974201040588,0.01
1558,21,true,true,true,1970.0,0.1,0.99,0.009920974201040588,0.01
1559,20,true,true,true,1971.0,0.1,0.99,0.009920974201040588,0.01
1560,21,true,true,true,1960.0,0.1,0.99,0.009920974201040588,0.01
1561,20,true,true,true,1971.0,0.1,0.99,0.009920974201040588,0.01
1562,22,true,true,true,1969.0,0.1,0.99,0.009920974201040588,0.01
1563,20,true,true,true,1971.0,0.1,0.99,0.009920974201040588,0.01
1564,20,true,true,true,1971.0,0.1,0.99,0.009920974201040588,0.01
1565,21,true,true,true,1960.0,0.1,0.99,0.009920974201040588,0.01
1566,20,true,true,true,1971.0,0.1,0.99,0.009920974201040588,0.01
1567,20,true,true,true,1971.0,0.1,0.99,0.009920974201040588,0.01
1568,20,true,true,true,1971.0,0.1,0.99,0.009920974201040588,0.01
1569,20,true,true,true,1971.0,0.1,0.99,0.009920974201040588,0.01
1570,20,true,true,true,1971.0,0.1,0.99,0.009920974201040588,0.01
1571,20,true,true,true,1971.0,0.1,0.99,0.009920974201040588,0.01
1572,20,true,true,true,1971.0,0.1,0.99,0.009920974201040588,0.01
1573,20,true,true,true,1971.0,0.1,0.99,0.009920974201040588,0.01
1574,20,true,true,true,1971.0,0.1,0.99,0.009920974201040588,0.01
1575,20,true,true,true,1971.0,0.1,0.99,0.009920974201040588,0.01
1576,20,true,true,true,1971.0,0.1,0.99,0.009920974201040588,0.01
1577,20,true,true,true,1971.0,0.1,0.99,0.009920974201040588,0.01
1578,21,true,true,true,1960.0,0.1,0.99,0.009920974201040588,0.01
1579,20,true,true,true,1971.0,0.1,0.99,0.009920974201040588,0.01
1580,21,true,true,true,1960.0,0.1,0.99,0.009920974201040588,0.01
1581,20,true,true,true,1971.0,0.1,0.99,0.009920974201040588,0.01
1582,20,true,true,true,1971.0,0.1,0.99,0.009920974201040588,0.01
1583,20,true,true,true,1971.0,0.1,0.99,0.009920974201040588,0.01
1584,20,true,true,true,1971.0,0.1,0.99,0.009920974201040588,0.01
1585,22,true,true,true,1459.0,0.1,0.99,0.009920974201040588,0.01
1586,20,true,true,true,1971.0,0.1,0.99,0.009920974201040588,0.01
1587,20,true,true,true,1971.0,0.1,0.99,0.009920974201040588,0.01
1588,20,true,true,true,1971.0,0.1,0.99,0.009920974201040588,0.01
1589,20,true,true,true,1971.0,0.1,0.99,0.009920974201040588,0.01
1590,20,true,true,true,1971.0,0.1,0.99,0.009920974201040588,0.01
1591,171,false,false,false,-2220.0,0.1,0.99,0.009920974201040588,0.01
1592,20,true,true,true,1971.0,0.1,0.99,0.009920974201040588,0.01
1593,21,true,true,true,1960.0,0.1,0.99,0.009920974201040588,0.01
1594,20,true,true,true,1971.0,0.1,0.99,0.009920974201040588,0.01
1595,20,true,true,true,1971.0,0.1,0.99,0.009920974201040588,0.01
1596,20,true,true,true,1971.0,0.1,0.99,0.009920974201040588,0.01
1597,20,true,true,true,1971.0,0.1,0.99,0.009920974201040588,0.01
1598,20,true,true,true,1971.0,0.1,0.99,0.009920974201040588,0.01
1599,20,true,true,true,1971.0,0.1,0.99,0.009920974201040588,0.01
1600,22,true,true,true,1459.0,0.1,0.99,0.009920974201040588,0.01
1601,20,true,true,true,1971.0,0.1,0.99,0.009920974201040588,0.01
1602,20,true,true,true,1971.0,0.1,0.99,0.009920974201040588,0.01
1603,20,true,true,true,1971.0,0.1,0.99,0.009920974201040588,0.01
1604,20,true,true,true,1971.0,0.1,0.99,0.009920974201040588,0.01
1605,20,true,true,true,1971.0,0.1,0.99,0.009920974201040588,0.01
1606,22,true,true,true,1969.0,0.1,0.99,0.009920974201040588,0.01
1607,1283,false,false,false,-4052.0,0.1,0.99,0.009920974201040588,0.01
1608,20,true,true,true,1971.0,0.1,0.99,0.009920974201040588,0.01
1609,20,true,true,true,1971.0,0.1,0.99,0.009920974201040588,0.01
1610,20,true,true,true,1971.0,0.1,0.99,0.009920974201040588,0.01
1611,22,true,true,true,1969.0,0.1,0.99,0.009920974201040588,0.01
1612,20,true,true,true,1971.0,0.1,0.99,0.009920974201040588,0.01
1613,20,true,true,true,1971.0,0.1,0.99,0.009920974201040588,0.01
1614,20,true,true,true,1971.0,0.1,0.99,0.009920974201040588,0.01
1615,20,true,true,true,1971.0,0.1,0.99,0.009920974201040588,0.01
1616,22,true,true,true,1969.0,0.1,0.99,0.009920974201040588,0.01
1617,20,true,true,true,1971.0,0.1,0.99,0.009920974201040588,0.01
1618,20,true,true,true,1971.0,0.1,0.99,0.009920974201040588,0.01
1619,20,true,true,true,1971.0,0.1,0.99,0.009920974201040588,0.01
1620,20,true,true,true,1971.0,0.1,0.99,0.009920974201040588,0.01
1621,20,true,true,true,1971.0,0.1,0.99,0.009920974201040588,0.01
1622,20,true,true,true,1971.0,0.1,0.99,0.009920974201040588,0.01
1623,22,true,true,true,1959.0,0.1,0.99,0.009920974201040588,0.01
1624,21,true,true,true,1960.0,0.1,0.99,0.009920974201040588,0.01
1625,20,true,true,true,1971.0,0.1,0.99,0.009920974201040588,0.01
1626,20,true,true,true,1971.0,0.1,0.99,0.009920974201040588,0.01
1627,20,true,true,true,1971.0,0.1,0.99,0.009920974201040588,0.01
1628,20,true,true,true,1971.0,0.1,0.99,0.009920974201040588,0.01
1629,20,true,true,true,1971.0,0.1,0.99,0.009920974201040588,0.01
1630,20,true,true,true,1971.0,0.1,0.99,0.009920974201040588,0.01
1631,21,true,true,true,1470.0,0.1,0.99,0.009920974201040588,0.01
1632,20,true,true,true,1971.0,0.1,0.99,0.009920974201040588,0.01
1633,20,true,true,true,1971.0,0.1,0.99,0.009920974201040588,0.01
1634,20,true,true,true,1971.0,0.1,0.99,0.009920974201040588,0.01
1635,20,true,true,true,1971.0,0.1,0.99,0.009920974201040588,0.01
1636,20,true,true,true,1971.0,0.1,0.99,0.009920974201040588,0.01
1637,20,true,true,true,1971.0,0.1,0.99,0.009920974201040588,0.01
1638,20,true,true,true,1971.0,0.1,0.99,0.009920974201040588,0.01
1639,20,true,true,true,1971.0,0.1,0.99,0.009920974201040588,0.01
1640,20,true,true,true,1971.0,0.1,0.99,0.009920974201040588,0.01
1641,20,true,true,true,1971.0,0.1,0.99,0.009920974201040588,0.01
1642,21,true,true,true,1970.0,0.1,0.99,0.009920974201040588,0.01
1643,20,true,true,true,1971.0,0.1,0.99,0.009920974201040588,0.01
1644,20,true,true,true,1971.0,0.1,0.99,0.009920974201040588,0.01
1645,21,true,true,true,1960.0,0.1,0.99,0.009920974201040588,0.01
1646,20,true,true,true,1971.0,0.1,0.99,0.009920974201040588,0.01
1647,21,true,true,true,1960.0,0.1,0.99,0.009920974201040588,0.01
1648,20,true,true,true,1971.0,0.1,0.99,0.009920974201040588,0.01
1649,20,true,true,true,1971.0,0.1,0.99,0.009920974201040588,0.01
1650,20,true,true,true,1971.0,0.1,0.99,0.009920974201040588,0.01
1651,20,true,true,true,1971.0,0.1,0.99,0.009920974201040588,0.01
1652,20,true,true,true,1971.0,0.1,0.99,0.009920974201040588,0.01
1653,21,true,true,true,1960.0,0.1,0.99,0.009920974201040588,0.01
1654,21,true,true,true,1970.0,0.1,0.99,0.009920974201040588,0.01
1655,20,true,true,true,1971.0,0.1,0.99,0.009920974201040588,0.01
1656,22,true,true,true,1949.0,0.1,0.99,0.009920974201040588,0.01
1657,20,true,true,true,1971.0,0.1,0.99,0.009920974201040588,0.01
1658,22,true,true,true,1969.0,0.1,0.99,0.009920974201040588,0.01
1659,20,true,true,true,1971.0,0.1,0.99,0.009920974201040588,0.01
1660,20,true,true,true,1971.0,0.1,0.99,0.009920974201040588,0.01
1661,20,true,true,true,1971.0,0.1,0.99,0.009920974201040588,0.01
1662,20,true,true,true,1971.0,0.1,0.99,0.009920974201040588,0.01
1663,20,true,true,true,1971.0,0.1,0.99,0.009920974201040588,0.01
1664,23,true,true,true,1448.0,0.1,0.99,0.009920974201040588,0.01
1665,20,true,true,true,1971.0,0.1,0.99,0.009920974201040588,0.01
1666,22,true,true,true,1969.0,0.1,0.99,0.009920974201040588,0.01
1667,20,true,true,true,1971.0,0.1,0.99,0.009920974201040588,0.01
1668,20,true,true,true,1971.0,0.1,0.99,0.009920974201040588,0.01
1669,20,true,true,true,1971.0,0.1,0.99,0.009920974201040588,0.01
1670,20,true,true,true,1971.0,0.1,0.99,0.009920974201040588,0.01
1671,20,true,true,true,1971.0,0.1,0.99,0.009920974201040588,0.01
1672,20,true,true,true,1971.0,0.1,0.99,0.009920974201040588,0.01
1673,20,true,true,true,1971.0,0.1,0.99,0.009920974201040588,0.01
1674,20,true,true,true,1971.0,0.1,0.99,0.009920974201040588,0.01
1675,20,true,true,true,1971.0,0.1,0.99,0.009920974201040588,0.01
1676,20,true,true,true,1971.0,0.1,0.99,0.009920974201040588,0.01
1677,20,true,true,true,1971.0,0.1,0.99,0.009920974201040588,0.01
1678,21,true,true,true,1960.0,0.1,0.99,0.009920974201040588,0.01
1679,21,true,true,true,1960.0,0.1,0.99,0.009920974201040588,0.01
1680,20,true,true,true,1971.0,0.1,0.99,0.009920974201040588,0.01
1681,20,true,true,true,1971.0,0.1,0.99,0.009920974201040588,0.01
1682,20,true,true,true,1971.0,0.1,0.99,0.009920974201040588,0.01
1683,20,true,true,true,1971.0,0.1,0.99,0.009920974201040588,0.01
1684,20,true,true,true,1971.0,0.1,0.99,0.009920974201040588,0.01
1685,20,true,true,true,1971.0,0.1,0.99,0.009920974201040588,0.01
1686,21,true,true,true,1960.0,0.1,0.99,0.009920974201040588,0.01
1687,20,true,true,true,1971.0,0.1,0.99,0.009920974201040588,0.01
1688,20,true,true,true,1971.0,0.1,0.99,0.009920974201040588,0.01
1689,20,true,true,true,1971.0,0.1,0.99,0.009920974201040588,0.01
1690,20,true,true,true,1971.0,0.1,0.99,0.009920974201040588,0.01
1691,20,true,true,true,1971.0,0.1,0.99,0.009920974201040588,0.01
1692,20,true,true,true,1971.0,0.1,0.99,0.009920974201040588,0.01
1693,20,true,true,true,1971.0,0.1,0.99,0.009920974201040588,0.01
1694,22,true,true,true,1959.0,0.1,0.99,0.009920974201040588,0.01
1695,20,true,true,true,1971.0,0.1,0.99,0.009920974201040588,0.01
1696,20,true,true,true,1971.0,0.1,0.99,0.009920974201040588,0.01
1697,22,true,true,true,1459.0,0.1,0.99,0.009920974201040588,0.01
1698,20,true,true,true,1971.0,0.1,0.99,0.009920974201040588,0.01
1699,20,true,true,true,1971.0,0.1,0.99,0.009920974201040588,0.01
1700,20,true,true,true,1971.0,0.1,0.99,0.009920974201040588,0.01
1701,20,true,true,true,1971.0,0.1,0.99,0.009920974201040588,0.01
1702,20,true,true,true,1971.0,0.1,0.99,0.009920974201040588,0.01
1703,20,true,true,true,1971.0,0.1,0.99,0.009920974201040588,0.01
1704,22,true,true,true,1459.0,0.1,0.99,0.009920974201040588,0.01
1705,20,true,true,true,1971.0,0.1,0.99,0.009920974201040588,0.01
1706,20,true,true,true,1971.0,0.1,0.99,0.009920974201040588,0.01
1707,20,true,true,true,1971.0,0.1,0.99,0.009920974201040588,0.01
1708,20,true,true,true,1971.0,0.1,0.99,0.009920974201040588,0.01
1709,20,true,true,true,1971.0,0.1,0.99,0.009920974201040588,0.01
1710,20,true,true,true,1971.0,0.1,0.99,0.009920974201040588,0.01
1711,21,true,true,true,1960.0,0.1,0.99,0.009920974201040588,0.01
1712,20,true,true,true,1971.0,0.1,0.99,0.009920974201040588,0.01
1713,20,true,true,true,1971.0,0.1,0.99,0.009920974201040588,0.01
1714,20,true,true,true,1971.0,0.1,0.99,0.009920974201040588,0.01
1715,20,true,true,true,1971.0,0.1,0.99,0.009920974201040588,0.01
1716,20,true,true,true,1971.0,0.1,0.99,0.009920974201040588,0.01
1717,20,true,true,true,1971.0,0.1,0.99,0.009920974201040588,0.01
1718,20,true,true,true,1971.0,0.1,0.99,0.009920974201040588,0.01
1719,21,true,true,true,1960.0,0.1,0.99,0.009920974201040588,0.01
1720,20,true,true,true,1971.0,0.1,0.99,0.009920974201040588,0.01
1721,20,true,true,true,1971.0,0.1,0.99,0.009920974201040588,0.01
1722,21,true,true,true,1970.0,0.1,0.99,0.009920974201040588,0.01
1723,20,true,true,true,1971.0,0.1,0.99,0.009920974201040588,0.01
1724,20,true,true,true,1971.0,0.1,0.99,0.009920974201040588,0.01
1725,20,true,true,true,1971.0,0.1,0.99,0.009920974201040588,0.01
1726,22,true,true,true,1969.0,0.1,0.99,0.009920974201040588,0.01
1727,20,true,true,true,1971.0,0.1,0.99,0.009920974201040588,0.01
1728,20,true,true,true,1971.0,0.1,0.99,0.009920974201040588,0.01
1729,20,true,true,true,1971.0,0.1,0.99,0.009920974201040588,0.01
1730,20,true,true,true,1971.0,0.1,0.99,0.009920974201040588,0.01
1731,20,true,true,true,1971.0,0.1,0.99,0.009920974201040588,0.01
1732,20,true,true,true,1971.0,0.1,0.99,0.009920974201040588,0.01
1733,21,true,true,true,1960.0,0.1,0.99,0.009920974201040588,0.01
1734,20,true,true,true,1971.0,0.1,0.99,0.009920974201040588,0.01
1735,20,true,true,true,1971.0,0.1,0.99,0.009920974201040588,0.01
1736,20,true,true,true,1971.0,0.1,0.99,0.009920974201040588,0.01
1737,20,true,true,true,1971.0,0.1,0.99,0.009920974201040588,0.01
1738,20,true,true,true,1971.0,0.1,0.99,0.009920974201040588,0.01
1739,20,true,true,true,1971.0,0.1,0.99,0.009920974201040588,0.01
1740,20,true,true,true,1971.0,0.1,0.99,0.009920974201040588,0.01
1741,20,true,true,true,1971.0,0.1,0.99,0.009920974201040588,0.01
1742,20,true,true,true,1971.0,0.1,0.99,0.009920974201040588,0.01
1743,20,true,true,true,1971.0,0.1,0.99,0.009920974201040588,0.01
1744,20,true,true,true,1971.0,0.1,0.99,0.009920974201040588,0.01
1745,20,true,true,true,1971.0,0.1,0.99,0.009920974201040588,0.01
1746,20,true,true,true,1971.0,0.1,0.99,0.009920974201040588,0.01
1747,20,true,true,true,1971.0,0.1,0.99,0.009920974201040588,0.01
1748,20,true,true,true,1971.0,0.1,0.99,0.009920974201040588,0.01
1749,20,true,true,true,1971.0,0.1,0.99,0.009920974201040588,0.01
1750,20,true,true,true,1971.0,0.1,0.99,0.009920974201040588,0.01
1751,23,true,true,true,1468.0,0.1,0.99,0.009920974201040588,0.01
1752,21,true,true,true,1970.0,0.1,0.99,0.009920974201040588,0.01
1753,20,true,true,true,1971.0,0.1,0.99,0.009920974201040588,0.01
1754,18,false,true,true,-2527.0,0.1,0.99,0.009920974201040588,0.01
1755,20,true,true,true,1971.0,0.1,0.99,0.009920974201040588,0.01
1756,20,true,true,true,1971.0,0.1,0.99,0.009920974201040588,0.01
1757,20,true,true,true,1971.0,0.1,0.99,0.009920974201040588,0.01
1758,20,true,true,true,1971.0,0.1,0.99,0.009920974201040588,0.01
1759,20,true,true,true,1971.0,0.1,0.99,0.009920974201040588,0.01
1760,21,true,true,true,1960.0,0.1,0.99,0.009920974201040588,0.01
1761,20,true,true,true,1971.0,0.1,0.99,0.009920974201040588,0.01
1762,21,true,true,true,1960.0,0.1,0.99,0.009920974201040588,0.01
1763,20,true,true,true,1971.0,0.1,0.99,0.009920974201040588,0.01
1764,21,true,true,true,1470.0,0.1,0.99,0.009920974201040588,0.01
1765,20,true,true,true,1971.0,0.1,0.99,0.009920974201040588,0.01
1766,20,true,true,true,1971.0,0.1,0.99,0.009920974201040588,0.01
1767,20,true,true,true,1971.0,0.1,0.99,0.009920974201040588,0.01
1768,20,true,true,true,1971.0,0.1,0.99,0.009920974201040588,0.01
1769,20,true,true,true,1971.0,0.1,0.99,0.009920974201040588,0.01
1770,20,true,true,true,1971.0,0.1,0.99,0.009920974201040588,0.01
1771,20,true,true,true,1971.0,0.1,0.99,0.009920974201040588,0.01
1772,20,true,true,true,1971.0,0.1,0.99,0.009920974201040588,0.01
1773,20,true,true,true,1971.0,0.1,0.99,0.009920974201040588,0.01
1774,20,true,true,true,1971.0,0.1,0.99,0.009920974201040588,0.01
1775,20,true,true,true,1971.0,0.1,0.99,0.009920974201040588,0.01
1776,20,true,true,true,1971.0,0.1,0.99,0.009920974201040588,0.01
1777,20,true,true,true,1971.0,0.1,0.99,0.009920974201040588,0.01
1778,20,true,true,true,1971.0,0.1,0.99,0.009920974201040588,0.01
1779,20,true,true,true,1971.0,0.1,0.99,0.009920974201040588,0.01
1780,20,true,true,true,1971.0,0.1,0.99,0.009920974201040588,0.01
1781,21,true,true,true,1960.0,0.1,0.99,0.009920974201040588,0.01
1782,21,true,true,true,1970.0,0.1,0.99,0.009920974201040588,0.01
1783,20,true,true,true,1971.0,0.1,0.99,0.009920974201040588,0.01
1784,20,true,true,true,1971.0,0.1,0.99,0.009920974201040588,0.01
1785,20,true,true,true,1971.0,0.1,0.99,0.009920974201040588,0.01
1786,20,true,true,true,1971.0,0.1,0.99,0.009920974201040588,0.01
1787,20,true,true,true,1971.0,0.1,0.99,0.009920974201040588,0.01
1788,20,true,true,true,1971.0,0.1,0.99,0.009920974201040588,0.01
1789,20,true,true,true,1971.0,0.1,0.99,0.009920974201040588,0.01
1790,20,true,true,true,1971.0,0.1,0.99,0.009920974201040588,0.01
1791,20,true,true,true,1971.0,0.1,0.99,0.009920974201040588,0.01
1792,171,false,false,false,-2220.0,0.1,0.99,0.009920974201040588,0.01
1793,20,true,true,true,1971.0,0.1,0.99,0.009920974201040588,0.01
1794,20,true,true,true,1971.0,0.1,0.99,0.009920974201040588,0.01
1795,20,true,true,true,1971.0,0.1,0.99,0.009920974201040588,0.01
1796,23,true,true,true,1468.0,0.1,0.99,0.009920974201040588,0.01
1797,20,true,true,true,1971.0,0.1,0.99,0.009920974201040588,0.01
1798,20,true,true,true,1971.0,0.1,0.99,0.009920974201040588,0.01
1799,20,true,true,true,1971.0,0.1,0.99,0.009920974201040588,0.01
1800,20,true,true,true,1971.0,0.1,0.99,0.009920974201040588,0.01
1801,20,true,true,true,1971.0,0.1,0.99,0.009920974201040588,0.01
1802,20,true,true,true,1971.0,0.1,0.99,0.009920974201040588,0.01
1803,20,true,true,true,1971.0,0.1,0.99,0.009920974201040588,0.01
1804,20,true,true,true,1971.0,0.1,0.99,0.009920974201040588,0.01
1805,20,true,true,true,1971.0,0.1,0.99,0.009920974201040588,0.01
1806,20,true,true,true,1971.0,0.1,0.99,0.009920974201040588,0.01
1807,20,true,true,true,1971.0,0.1,0.99,0.009920974201040588,0.01
1808,20,true,true,true,1971.0,0.1,0.99,0.009920974201040588,0.01
1809,20,true,true,true,1971.0,0.1,0.99,0.009920974201040588,0.01
1810,4283,false,false,false,-8912.0,0.1,0.99,0.009920974201040588,0.01
1811,20,true,true,true,1971.0,0.1,0.99,0.009920974201040588,0.01
1812,20,true,true,true,1971.0,0.1,0.99,0.009920974201040588,0.01
1813,20,true,true,true,1971.0,0.1,0.99,0.009920974201040588,0.01
1814,20,true,true,true,1971.0,0.1,0.99,0.009920974201040588,0.01
1815,20,true,true,true,1971.0,0.1,0.99,0.009920974201040588,0.01
1816,20,true,true,true,1971.0,0.1,0.99,0.009920974201040588,0.01
1817,20,true,true,true,1971.0,0.1,0.99,0.009920974201040588,0.01
1818,20,true,true,true,1971.0,0.1,0.99,0.009920974201040588,0.01
1819,20,true,true,true,1971.0,0.1,0.99,0.009920974201040588,0.01
1820,20,true,true,true,1971.0,0.1,0.99,0.009920974201040588,0.01
1821,21,true,true,true,1960.0,0.1,0.99,0.009920974201040588,0.01
1822,20,true,true,true,1971.0,0.1,0.99,0.009920974201040588,0.01
1823,20,true,true,true,1971.0,0.1,0.99,0.009920974201040588,0.01
1824,20,true,true,true,1971.0,0.1,0.99,0.009920974201040588,0.01
1825,20,true,true,true,1971.0,0.1,0.99,0.009920974201040588,0.01
1826,193,false,false,false,-2212.0,0.1,0.99,0.009920974201040588,0.01
1827,20,true,true,true,1971.0,0.1,0.99,0.009920974201040588,0.01
1828,20,true,true,true,1971.0,0.1,0.99,0.009920974201040588,0.01
1829,20,true,true,true,1971.0,0.1,0.99,0.009920974201040588,0.01
1830,20,true,true,true,1971.0,0.1,0.99,0.009920974201040588,0.01
1831,20,true,true,true,1971.0,0.1,0.99,0.009920974201040588,0.01
1832,20,true,true,true,1971.0,0.1,0.99,0.009920974201040588,0.01
1833,20,true,true,true,1971.0,0.1,0.99,0.009920974201040588,0.01
1834,20,true,true,true,1971.0,0.1,0.99,0.009920974201040588,0.01
1835,20,true,true,true,1971.0,0.1,0.99,0.009920974201040588,0.01
1836,20,true,true,true,1971.0,0.1,0.99,0.009920974201040588,0.01
1837,20,true,true,true,1971.0,0.1,0.99,0.009920974201040588,0.01
1838,20,true,true,true,1971.0,0.1,0.99,0.009920974201040588,0.01
1839,20,true,true,true,1971.0,0.1,0.99,0.009920974201040588,0.01
1840,20,true,true,true,1971.0,0.1,0.99,0.009920974201040588,0.01
1841,20,true,true,true,1971.0,0.1,0.99,0.009920974201040588,0.01
1842,20,true,true,true,1971.0,0.1,0.99,0.009920974201040588,0.01
1843,22,true,true,true,1969.0,0.1,0.99,0.009920974201040588,0.01
1844,20,true,true,true,1971.0,0.1,0.99,0.009920974201040588,0.01
1845,20,true,true,true,1971.0,0.1,0.99,0.009920974201040588,0.01
1846,20,true,true,true,1971.0,0.1,0.99,0.009920974201040588,0.01
1847,20,true,true,true,1971.0,0.1,0.99,0.009920974201040588,0.01
1848,20,true,true,true,1971.0,0.1,0.99,0.009920974201040588,0.01
1849,21,true,true,true,1970.0,0.1,0.99,0.009920974201040588,0.01
1850,20,true,true,true,1971.0,0.1,0.99,0.009920974201040588,0.01
1851,20,true,true,true,1971.0,0.1,0.99,0.009920974201040588,0.01
1852,20,true,true,true,1971.0,0.1,0.99,0.009920974201040588,0.01
1853,20,true,true,true,1971.0,0.1,0.99,0.009920974201040588,0.01
1854,20,true,true,true,1971.0,0.1,0.99,0.009920974201040588,0.01
1855,20,true,true,true,1971.0,0.1,0.99,0.009920974201040588,0.01
1856,20,true,true,true,1971.0,0.1,0.99,0.009920974201040588,0.01
1857,21,true,true,true,1970.0,0.1,0.99,0.009920974201040588,0.01
1858,20,true,true,true,1971.0,0.1,0.99,0.009920974201040588,0.01
1859,20,true,true,true,1971.0,0.1,0.99,0.009920974201040588,0.01
1860,20,true,true,true,1971.0,0.1,0.99,0.009920974201040588,0.01
1861,20,true,true,true,1971.0,0.1,0.99,0.009920974201040588,0.01
1862,20,true,true,true,1971.0,0.1,0.99,0.009920974201040588,0.01
1863,20,true,true,true,1971.0,0.1,0.99,0.009920974201040588,0.01
1864,20,true,true,true,1971.0,0.1,0.99,0.009920974201040588,0.01
1865,22,true,true,true,1969.0,0.1,0.99,0.009920974201040588,0.01
1866,20,true,true,true,1971.0,0.1,0.99,0.009920974201040588,0.01
1867,20,true,true,true,1971.0,0.1,0.99,0.009920974201040588,0.01
1868,20,true,true,true,1971.0,0.1,0.99,0.009920974201040588,0.01
1869,20,true,true,true,1971.0,0.1,0.99,0.009920974201040588,0.01
1870,20,true,true,true,1971.0,0.1,0.99,0.009920974201040588,0.01
1871,20,true,true,true,1971.0,0.1,0.99,0.009920974201040588,0.01
1872,20,true,true,true,1971.0,0.1,0.99,0.009920974201040588,0.01
1873,20,true,true,true,1971.0,0.1,0.99,0.009920974201040588,0.01
1874,20,true,true,true,1971.0,0.1,0.99,0.009920974201040588,0.01
1875,1337,false,false,false,-4016.0,0.1,0.99,0.009920974201040588,0.01
1876,20,true,true,true,1971.0,0.1,0.99,0.009920974201040588,0.01
1877,20,true,true,true,1971.0,0.1,0.99,0.009920974201040588,0.01
1878,20,true,true,true,1971.0,0.1,0.99,0.009920974201040588,0.01
1879,20,true,true,true,1971.0,0.1,0.99,0.009920974201040588,0.01
1880,20,true,true,true,1971.0,0.1,0.99,0.009920974201040588,0.01
1881,20,true,true,true,1971.0,0.1,0.99,0.009920974201040588,0.01
1882,22,true,true,true,1459.0,0.1,0.99,0.009920974201040588,0.01
1883,20,true,true,true,1971.0,0.1,0.99,0.009920974201040588,0.01
1884,20,true,true,true,1971.0,0.1,0.99,0.009920974201040588,0.01
1885,22,true,true,true,1949.0,0.1,0.99,0.009920974201040588,0.01
1886,20,true,true,true,1971.0,0.1,0.99,0.009920974201040588,0.01
1887,20,true,true,true,1971.0,0.1,0.99,0.009920974201040588,0.01
1888,20,true,true,true,1971.0,0.1,0.99,0.009920974201040588,0.01
1889,22,true,true,true,1459.0,0.1,0.99,0.009920974201040588,0.01
1890,20,true,true,true,1971.0,0.1,0.99,0.009920974201040588,0.01
1891,20,true,true,true,1971.0,0.1,0.99,0.009920974201040588,0.01
1892,20,true,true,true,1971.0,0.1,0.99,0.009920974201040588,0.01
1893,20,true,true,true,1971.0,0.1,0.99,0.009920974201040588,0.01
1894,20,true,true,true,1971.0,0.1,0.99,0.009920974201040588,0.01
1895,20,true,true,true,1971.0,0.1,0.99,0.009920974201040588,0.01
1896,20,true,true,true,1971.0,0.1,0.99,0.009920974201040588,0.01
1897,20,true,true,true,1971.0,0.1,0.99,0.009920974201040588,0.01
1898,20,true,true,true,1971.0,0.1,0.99,0.009920974201040588,0.01
1899,20,true,true,true,1971.0,0.1,0.99,0.009920974201040588,0.01
1900,20,true,true,true,1971.0,0.1,0.99,0.009920974201040588,0.01
1901,21,true,true,true,1970.0,0.1,0.99,0.009920974201040588,0.01
1902,20,true,true,true,1971.0,0.1,0.99,0.009920974201040588,0.01
1903,20,true,true,true,1971.0,0.1,0.99,0.009920974201040588,0.01
1904,20,true,true,true,1971.0,0.1,0.99,0.009920974201040588,0.01
1905,20,true,true,true,1971.0,0.1,0.99,0.009920974201040588,0.01
1906,20,true,true,true,1971.0,0.1,0.99,0.009920974201040588,0.01
1907,20,true,true,true,1971.0,0.1,0.99,0.009920974201040588,0.01
1908,20,true,true,true,1971.0,0.1,0.99,0.009920974201040588,0.01
1909,20,true,true,true,1971.0,0.1,0.99,0.009920974201040588,0.01
1910,20,true,true,true,1971.0,0.1,0.99,0.009920974201040588,0.01
1911,20,true,true,true,1971.0,0.1,0.99,0.009920974201040588,0.01
1912,20,true,true,true,1971.0,0.1,0.99,0.009920974201040588,0.01
1913,20,true,true,true,1971.0,0.1,0.99,0.009920974201040588,0.01
1914,20,true,true,true,1971.0,0.1,0.99,0.009920974201040588,0.01
1915,23,true,true,true,1958.0,0.1,0.99,0.009920974201040588,0.01
1916,20,true,true,true,1971.0,0.1,0.99,0.009920974201040588,0.01
1917,20,true,true,true,1971.0,0.1,0.99,0.009920974201040588,0.01
1918,20,true,true,true,1971.0,0.1,0.99,0.009920974201040588,0.01
1919,20,true,true,true,1971.0,0.1,0.99,0.009920974201040588,0.01
1920,21,true,true,true,1960.0,0.1,0.99,0.009920974201040588,0.01
1921,20,true,true,true,1971.0,0.1,0.99,0.009920974201040588,0.01
1922,20,true,true,true,1971.0,0.1,0.99,0.009920974201040588,0.01
1923,20,true,true,true,1971.0,0.1,0.99,0.009920974201040588,0.01
1924,20,true,true,true,1971.0,0.1,0.99,0.009920974201040588,0.01
1925,20,true,true,true,1971.0,0.1,0.99,0.009920974201040588,0.01
1926,20,true,true,true,1971.0,0.1,0.99,0.009920974201040588,0.01
1927,20,true,true,true,1971.0,0.1,0.99,0.009920974201040588,0.01
1928,20,true,true,true,1971.0,0.1,0.99,0.009920974201040588,0.01
1929,20,true,true,true,1971.0,0.1,0.99,0.009920974201040588,0.01
1930,20,true,true,true,1971.0,0.1,0.99,0.009920974201040588,0.01
1931,20,true,true,true,1971.0,0.1,0.99,0.009920974201040588,0.01
1932,20,true,true,true,1971.0,0.1,0.99,0.009920974201040588,0.01
1933,20,true,true,true,1971.0,0.1,0.99,0.009920974201040588,0.01
1934,20,true,true,true,1971.0,0.1,0.99,0.009920974201040588,0.01
1935,20,true,true,true,1971.0,0.1,0.99,0.009920974201040588,0.01
1936,20,true,true,true,1971.0,0.1,0.99,0.009920974201040588,0.01
1937,20,true,true,true,1971.0,0.1,0.99,0.009920974201040588,0.01
1938,20,true,true,true,1971.0,0.1,0.99,0.009920974201040588,0.01
1939,20,true,true,true,1971.0,0.1,0.99,0.009920974201040588,0.01
1940,20,true,true,true,1971.0,0.1,0.99,0.009920974201040588,0.01
1941,20,true,true,true,1971.0,0.1,0.99,0.009920974201040588,0.01
1942,21,true,true,true,1960.0,0.1,0.99,0.009920974201040588,0.01
1943,20,true,true,true,1971.0,0.1,0.99,0.009920974201040588,0.01
1944,20,true,true,true,1971.0,0.1,0.99,0.009920974201040588,0.01
1945,20,true,true,true,1971.0,0.1,0.99,0.009920974201040588,0.01
1946,20,true,true,true,1971.0,0.1,0.99,0.009920974201040588,0.01
1947,20,true,true,true,1971.0,0.1,0.99,0.009920974201040588,0.01
1948,20,true,true,true,1971.0,0.1,0.99,0.009920974201040588,0.01
1949,20,true,true,true,1971.0,0.1,0.99,0.009920974201040588,0.01
1950,20,true,true,true,1971.0,0.1,0.99,0.009920974201040588,0.01
1951,20,true,true,true,1971.0,0.1,0.99,0.009920974201040588,0.01
1952,20,true,true,true,1971.0,0.1,0.99,0.009920974201040588,0.01
1953,20,true,true,true,1971.0,0.1,0.99,0.009920974201040588,0.01
1954,20,true,true,true,1971.0,0.1,0.99,0.009920974201040588,0.01
1955,58,false,false,false,-2067.0,0.1,0.99,0.009920974201040588,0.01
1956,20,true,true,true,1971.0,0.1,0.99,0.009920974201040588,0.01
1957,20,true,true,true,1971.0,0.1,0.99,0.009920974201040588,0.01
1958,20,true,true,true,1971.0,0.1,0.99,0.009920974201040588,0.01
1959,22,true,true,true,1969.0,0.1,0.99,0.009920974201040588,0.01
1960,20,true,true,true,1971.0,0.1,0.99,0.009920974201040588,0.01
1961,20,true,true,true,1971.0,0.1,0.99,0.009920974201040588,0.01
1962,20,true,true,true,1971.0,0.1,0.99,0.009920974201040588,0.01
1963,20,true,true,true,1971.0,0.1,0.99,0.009920974201040588,0.01
1964,20,true,true,true,1971.0,0.1,0.99,0.009920974201040588,0.01
1965,20,true,true,true,1971.0,0.1,0.99,0.009920974201040588,0.01
1966,20,true,true,true,1971.0,0.1,0.99,0.009920974201040588,0.01
1967,20,true,true,true,1971.0,0.1,0.99,0.009920974201040588,0.01
1968,24,true,true,true,1967.0,0.1,0.99,0.009920974201040588,0.01
1969,443,false,false,false,-2462.0,0.1,0.99,0.009920974201040588,0.01
1970,20,true,true,true,1971.0,0.1,0.99,0.009920974201040588,0.01
1971,22,true,true,true,1969.0,0.1,0.99,0.009920974201040588,0.01
1972,20,true,true,true,1971.0,0.1,0.99,0.009920974201040588,0.01
1973,20,true,true,true,1971.0,0.1,0.99,0.009920974201040588,0.01
1974,20,true,true,true,1971.0,0.1,0.99,0.009920974201040588,0.01
1975,20,true,true,true,1971.0,0.1,0.99,0.009920974201040588,0.01
1976,169,false,false,false,-2208.0,0.1,0.99,0.009920974201040588,0.01
1977,21,true,true,true,1970.0,0.1,0.99,0.009920974201040588,0.01
1978,22,true,true,true,1459.0,0.1,0.99,0.009920974201040588,0.01
1979,20,true,true,true,1971.0,0.1,0.99,0.009920974201040588,0.01
1980,20,true,true,true,1971.0,0.1,0.99,0.009920974201040588,0.01
1981,20,true,true,true,1971.0,0.1,0.99,0.009920974201040588,0.01
1982,20,true,true,true,1971.0,0.1,0.99,0.009920974201040588,0.01
1983,20,true,true,true,1971.0,0.1,0.99,0.009920974201040588,0.01
1984,20,true,true,true,1971.0,0.1,0.99,0.009920974201040588,0.01
1985,20,true,true,true,1971.0,0.1,0.99,0.009920974201040588,0.01
1986,20,true,true,true,1971.0,0.1,0.99,0.009920974201040588,0.01
1987,20,true,true,true,1971.0,0.1,0.99,0.009920974201040588,0.01
1988,20,true,true,true,1971.0,0.1,0.99,0.009920974201040588,0.01
1989,21,true,true,true,1970.0,0.1,0.99,0.009920974201040588,0.01
1990,21,true,true,true,1960.0,0.1,0.99,0.009920974201040588,0.01
1991,20,true,true,true,1971.0,0.1,0.99,0.009920974201040588,0.01
1992,20,true,true,true,1971.0,0.1,0.99,0.009920974201040588,0.01
1993,20,true,true,true,1971.0,0.1,0.99,0.009920974201040588,0.01
1994,20,true,true,true,1971.0,0.1,0.99,0.009920974201040588,0.01
1995,20,true,true,true,1971.0,0.1,0.99,0.009920974201040588,0.01
1996,20,true,true,true,1971.0,0.1,0.99,0.009920974201040588,0.01
1997,20,true,true,true,1971.0,0.1,0.99,0.009920974201040588,0.01
1998,20,true,true,true,1971.0,0.1,0.99,0.009920974201040588,0.01
1999,20,true,true,true,1971.0,0.1,0.99,0.009920974201040588,0.01
