episodeNumber,steps,agentWinTheGame,agentKilledTheWumpus,agentHasGold,reward,alpha,gamma,epsilon,epsilonDecay
0,6,false,false,false,-2535.0,0.1,0.99,1.0,0.001
1,8,false,false,false,-2547.0,0.1,0.99,0.999,0.001
2,4,false,false,false,-2033.0,0.1,0.99,0.998001,0.001
3,13,false,false,false,-5552.0,0.1,0.99,0.997002999,0.001
4,3,false,false,false,-3002.0,0.1,0.99,0.996005996001,0.001
5,27,false,false,false,-6646.0,0.1,0.99,0.995009990004999,0.001
6,7,false,false,false,-3016.0,0.1,0.99,0.994014980014994,0.001
7,4,false,false,false,-2013.0,0.1,0.99,0.993020965034979,0.001
8,4,false,false,false,-2023.0,0.1,0.99,0.9920279440699441,0.001
9,13,false,false,false,-3572.0,0.1,0.99,0.9910359161258742,0.001
10,2,false,false,false,-2501.0,0.1,0.99,0.9900448802097482,0.001
11,4,false,false,false,-2513.0,0.1,0.99,0.9890548353295385,0.001
12,38,false,false,false,-4707.0,0.1,0.99,0.988065780494209,0.001
13,2,false,false,false,-2501.0,0.1,0.99,0.9870777147137147,0.001
14,43,false,false,false,-6752.0,0.1,0.99,0.986090636999001,0.001
15,1,false,false,false,-2000.0,0.1,0.99,0.9851045463620021,0.001
16,2,false,false,false,-2011.0,0.1,0.99,0.98411944181564,0.001
17,35,false,false,false,-4724.0,0.1,0.99,0.9831353223738244,0.001
18,25,false,false,false,-5144.0,0.1,0.99,0.9821521870514506,0.001
19,7,false,false,false,-2026.0,0.1,0.99,0.9811700348643991,0.001
20,4,false,false,false,-2023.0,0.1,0.99,0.9801888648295347,0.001
21,8,false,false,false,-2527.0,0.1,0.99,0.9792086759647052,0.001
22,2,false,false,false,-2001.0,0.1,0.99,0.9782294672887405,0.001
23,10,false,false,false,-2549.0,0.1,0.99,0.9772512378214517,0.001
24,10,false,false,false,-3059.0,0.1,0.99,0.9762739865836303,0.001
25,4,false,false,false,-3013.0,0.1,0.99,0.9752977125970467,0.001
26,6,false,false,false,-3515.0,0.1,0.99,0.9743224148844496,0.001
27,5,false,false,false,-2014.0,0.1,0.99,0.9733480924695651,0.001
28,1,false,false,false,-2000.0,0.1,0.99,0.9723747443770956,0.001
29,4,false,false,false,-2033.0,0.1,0.99,0.9714023696327185,0.001
30,6,false,false,false,-3505.0,0.1,0.99,0.9704309672630859,0.001
31,24,false,false,false,-3133.0,0.1,0.99,0.9694605362958227,0.001
32,9,false,false,false,-3058.0,0.1,0.99,0.9684910757595269,0.001
33,1,false,false,false,-2000.0,0.1,0.99,0.9675225846837673,0.001
34,25,false,false,false,-4134.0,0.1,0.99,0.9665550620990835,0.001
35,6,false,false,false,-2535.0,0.1,0.99,0.9655885070369844,0.001
36,7,false,false,false,-3046.0,0.1,0.99,0.9646229185299474,0.001
37,7,false,false,false,-2536.0,0.1,0.99,0.9636582956114175,0.001
38,3,false,false,false,-2012.0,0.1,0.99,0.9626946373158061,0.001
39,1,false,false,false,-2000.0,0.1,0.99,0.9617319426784903,0.001
40,39,false,false,false,-5228.0,0.1,0.99,0.9607702107358118,0.001
41,5,false,false,false,-3024.0,0.1,0.99,0.959809440525076,0.001
42,17,false,false,false,-3086.0,0.1,0.99,0.9588496310845509,0.001
43,2,false,false,false,-2501.0,0.1,0.99,0.9578907814534664,0.001
44,18,false,false,false,-4607.0,0.1,0.99,0.9569328906720129,0.001
45,15,false,false,false,-2564.0,0.1,0.99,0.9559759577813409,0.001
46,17,false,false,false,-5036.0,0.1,0.99,0.9550199818235596,0.001
47,2,false,false,false,-2011.0,0.1,0.99,0.9540649618417361,0.001
48,11,false,false,false,-2550.0,0.1,0.99,0.9531108968798944,0.001
49,30,false,false,false,-4179.0,0.1,0.99,0.9521577859830145,0.001
50,2,false,false,false,-2001.0,0.1,0.99,0.9512056281970315,0.001
51,7,false,false,false,-3036.0,0.1,0.99,0.9502544225688344,0.001
52,3,false,false,false,-2512.0,0.1,0.99,0.9493041681462656,0.001
53,13,false,false,false,-3542.0,0.1,0.99,0.9483548639781193,0.001
54,9,false,false,false,-3528.0,0.1,0.99,0.9474065091141411,0.001
55,3,false,false,false,-2012.0,0.1,0.99,0.946459102605027,0.001
56,12,false,false,false,-2571.0,0.1,0.99,0.9455126435024219,0.001
57,7,false,false,false,-2546.0,0.1,0.99,0.9445671308589195,0.001
58,18,false,false,false,-3617.0,0.1,0.99,0.9436225637280606,0.001
59,2,false,false,false,-2501.0,0.1,0.99,0.9426789411643326,0.001
60,1,false,false,false,-2000.0,0.1,0.99,0.9417362622231683,0.001
61,22,false,false,false,-2151.0,0.1,0.99,0.9407945259609451,0.001
62,14,false,false,false,-2553.0,0.1,0.99,0.9398537314349842,0.001
63,9,false,false,false,-2038.0,0.1,0.99,0.9389138777035492,0.001
64,3,false,false,false,-3002.0,0.1,0.99,0.9379749638258457,0.001
65,4,false,false,false,-3013.0,0.1,0.99,0.9370369888620198,0.001
66,1,false,false,false,-2000.0,0.1,0.99,0.9360999518731578,0.001
67,34,false,false,false,-5223.0,0.1,0.99,0.9351638519212846,0.001
68,31,false,false,false,-5170.0,0.1,0.99,0.9342286880693633,0.001
69,3,false,false,false,-2012.0,0.1,0.99,0.933294459381294,0.001
70,2,false,false,false,-2001.0,0.1,0.99,0.9323611649219127,0.001
71,2,false,false,false,-2011.0,0.1,0.99,0.9314288037569908,0.001
72,24,false,false,false,-6093.0,0.1,0.99,0.9304973749532338,0.001
73,9,false,false,false,-3538.0,0.1,0.99,0.9295668775782806,0.001
74,12,false,false,false,-2581.0,0.1,0.99,0.9286373107007023,0.001
75,20,false,false,false,-3129.0,0.1,0.99,0.9277086733900016,0.001
76,27,false,false,false,-4666.0,0.1,0.99,0.9267809647166116,0.001
77,2,false,false,false,-2501.0,0.1,0.99,0.925854183751895,0.001
78,19,false,false,false,-4078.0,0.1,0.99,0.9249283295681431,0.001
79,1,false,false,false,-2000.0,0.1,0.99,0.9240034012385749,0.001
80,3,false,false,false,-2012.0,0.1,0.99,0.9230793978373364,0.001
81,3,false,false,false,-2022.0,0.1,0.99,0.9221563184394991,0.001
82,13,false,false,false,-4052.0,0.1,0.99,0.9212341621210596,0.001
83,10,false,false,false,-3039.0,0.1,0.99,0.9203129279589385,0.001
84,2,false,false,false,-2001.0,0.1,0.99,0.9193926150309796,0.001
85,3,false,false,false,-2012.0,0.1,0.99,0.9184732224159486,0.001
86,16,false,false,false,-3065.0,0.1,0.99,0.9175547491935327,0.001
87,24,false,false,false,-3143.0,0.1,0.99,0.9166371944443392,0.001
88,1,false,false,false,-2000.0,0.1,0.99,0.9157205572498949,0.001
89,5,false,false,false,-2034.0,0.1,0.99,0.914804836692645,0.001
90,3,false,false,false,-2012.0,0.1,0.99,0.9138900318559524,0.001
91,10,false,false,false,-2059.0,0.1,0.99,0.9129761418240965,0.001
92,7,false,false,false,-2026.0,0.1,0.99,0.9120631656822724,0.001
93,9,false,false,false,-3048.0,0.1,0.99,0.9111511025165902,0.001
94,2,false,false,false,-2011.0,0.1,0.99,0.9102399514140735,0.001
95,52,false,false,false,-5241.0,0.1,0.99,0.9093297114626595,0.001
96,23,false,false,false,-4092.0,0.1,0.99,0.9084203817511969,0.001
97,12,false,false,false,-3031.0,0.1,0.99,0.9075119613694457,0.001
98,8,false,false,false,-3547.0,0.1,0.99,0.9066044494080763,0.001
99,2,false,false,false,-2001.0,0.1,0.99,0.9056978449586682,0.001
100,12,false,false,false,-2531.0,0.1,0.99,0.9047921471137096,0.001
101,11,false,false,false,-3550.0,0.1,0.99,0.9038873549665959,0.001
102,16,false,false,false,-4085.0,0.1,0.99,0.9029834676116293,0.001
103,9,false,false,false,-3028.0,0.1,0.99,0.9020804841440176,0.001
104,3,false,false,false,-2502.0,0.1,0.99,0.9011784036598737,0.001
105,1,false,false,false,-2000.0,0.1,0.99,0.9002772252562138,0.001
106,15,false,false,false,-3584.0,0.1,0.99,0.8993769480309576,0.001
107,6,false,false,false,-2045.0,0.1,0.99,0.8984775710829266,0.001
108,19,false,false,false,-4108.0,0.1,0.99,0.8975790935118436,0.001
109,8,false,false,false,-3037.0,0.1,0.99,0.8966815144183318,0.001
110,6,false,false,false,-2035.0,0.1,0.99,0.8957848329039134,0.001
111,12,false,false,false,-3091.0,0.1,0.99,0.8948890480710096,0.001
112,28,false,false,false,-4157.0,0.1,0.99,0.8939941590229386,0.001
113,13,false,false,false,-4062.0,0.1,0.99,0.8931001648639156,0.001
114,6,false,false,false,-3035.0,0.1,0.99,0.8922070646990518,0.001
115,16,false,false,false,-3095.0,0.1,0.99,0.8913148576343527,0.001
116,7,false,false,false,-2536.0,0.1,0.99,0.8904235427767183,0.001
117,14,false,false,false,-3083.0,0.1,0.99,0.8895331192339416,0.001
118,7,false,false,false,-2526.0,0.1,0.99,0.8886435861147077,0.001
119,17,false,false,false,-2596.0,0.1,0.99,0.887754942528593,0.001
120,5,false,false,false,-2504.0,0.1,0.99,0.8868671875860644,0.001
121,21,false,false,false,-3610.0,0.1,0.99,0.8859803203984784,0.001
122,9,false,false,false,-2068.0,0.1,0.99,0.88509434007808,0.001
123,1,false,false,false,-2000.0,0.1,0.99,0.8842092457380019,0.001
124,2,false,false,false,-2011.0,0.1,0.99,0.8833250364922639,0.001
125,15,false,false,false,-4084.0,0.1,0.99,0.8824417114557717,0.001
126,9,false,false,false,-2048.0,0.1,0.99,0.8815592697443159,0.001
127,7,false,false,false,-3536.0,0.1,0.99,0.8806777104745716,0.001
128,3,false,false,false,-2012.0,0.1,0.99,0.8797970327640969,0.001
129,14,false,false,false,-4043.0,0.1,0.99,0.8789172357313328,0.001
130,6,false,false,false,-2025.0,0.1,0.99,0.8780383184956015,0.001
131,18,false,false,false,-3047.0,0.1,0.99,0.8771602801771059,0.001
132,12,false,false,false,-3061.0,0.1,0.99,0.8762831198969288,0.001
133,23,false,false,false,-6092.0,0.1,0.99,0.8754068367770318,0.001
134,1,false,false,false,-2000.0,0.1,0.99,0.8745314299402548,0.001
135,17,false,false,false,-4106.0,0.1,0.99,0.8736568985103146,0.001
136,22,false,false,false,-4111.0,0.1,0.99,0.8727832416118043,0.001
137,18,false,false,false,-4087.0,0.1,0.99,0.8719104583701925,0.001
138,9,false,false,false,-2548.0,0.1,0.99,0.8710385479118223,0.001
139,14,false,false,false,-2573.0,0.1,0.99,0.8701675093639105,0.001
140,13,false,false,false,-4042.0,0.1,0.99,0.8692973418545467,0.001
141,3,false,false,false,-2512.0,0.1,0.99,0.8684280445126921,0.001
142,2,false,false,false,-2011.0,0.1,0.99,0.8675596164681794,0.001
143,10,false,false,false,-2549.0,0.1,0.99,0.8666920568517111,0.001
144,1,false,false,false,-2000.0,0.1,0.99,0.8658253647948594,0.001
145,3,false,false,false,-2512.0,0.1,0.99,0.8649595394300645,0.001
146,9,false,false,false,-2538.0,0.1,0.99,0.8640945798906344,0.001
147,9,false,false,false,-3528.0,0.1,0.99,0.8632304853107438,0.001
148,31,false,false,false,-2670.0,0.1,0.99,0.862367254825433,0.001
149,28,false,false,false,-3687.0,0.1,0.99,0.8615048875706075,0.001
150,1,false,false,false,-2000.0,0.1,0.99,0.8606433826830369,0.001
151,11,false,false,false,-3560.0,0.1,0.99,0.8597827393003539,0.001
152,6,false,false,false,-3505.0,0.1,0.99,0.8589229565610536,0.001
153,9,false,false,false,-2568.0,0.1,0.99,0.8580640336044925,0.001
154,6,false,false,false,-2035.0,0.1,0.99,0.857205969570888,0.001
155,5,false,false,false,-2014.0,0.1,0.99,0.8563487636013172,0.001
156,17,false,false,false,-3086.0,0.1,0.99,0.8554924148377159,0.001
157,31,false,false,false,-4180.0,0.1,0.99,0.8546369224228781,0.001
158,41,false,false,false,-3760.0,0.1,0.99,0.8537822855004553,0.001
159,4,false,false,false,-2033.0,0.1,0.99,0.8529285032149548,0.001
160,4,false,false,false,-2503.0,0.1,0.99,0.8520755747117399,0.001
161,2,false,false,false,-2001.0,0.1,0.99,0.8512234991370281,0.001
162,27,false,false,false,-4586.0,0.1,0.99,0.8503722756378911,0.001
163,16,false,false,false,-3055.0,0.1,0.99,0.8495219033622532,0.001
164,52,false,false,false,-7301.0,0.1,0.99,0.8486723814588909,0.001
165,26,false,false,false,-3135.0,0.1,0.99,0.847823709077432,0.001
166,9,false,false,false,-2548.0,0.1,0.99,0.8469758853683546,0.001
167,1,false,false,false,-2000.0,0.1,0.99,0.8461289094829862,0.001
168,7,false,false,false,-3036.0,0.1,0.99,0.8452827805735033,0.001
169,9,false,false,false,-2538.0,0.1,0.99,0.8444374977929298,0.001
170,10,false,false,false,-3029.0,0.1,0.99,0.8435930602951368,0.001
171,11,false,false,false,-2560.0,0.1,0.99,0.8427494672348417,0.001
172,13,false,false,false,-2572.0,0.1,0.99,0.8419067177676068,0.001
173,13,false,false,false,-2052.0,0.1,0.99,0.8410648110498392,0.001
174,17,false,false,false,-3586.0,0.1,0.99,0.8402237462387894,0.001
175,16,false,false,false,-3085.0,0.1,0.99,0.8393835224925505,0.001
176,14,false,false,false,-2583.0,0.1,0.99,0.838544138970058,0.001
177,7,false,false,false,-2026.0,0.1,0.99,0.8377055948310879,0.001
178,17,false,false,false,-2586.0,0.1,0.99,0.8368678892362568,0.001
179,5,false,false,false,-2024.0,0.1,0.99,0.8360310213470206,0.001
180,1,false,false,false,-2000.0,0.1,0.99,0.8351949903256736,0.001
181,16,false,false,false,-2585.0,0.1,0.99,0.8343597953353479,0.001
182,7,false,false,false,-2046.0,0.1,0.99,0.8335254355400126,0.001
183,4,false,false,false,-2023.0,0.1,0.99,0.8326919101044725,0.001
184,3,false,false,false,-2512.0,0.1,0.99,0.831859218194368,0.001
185,8,false,false,false,-3047.0,0.1,0.99,0.8310273589761736,0.001
186,7,false,false,false,-4026.0,0.1,0.99,0.8301963316171974,0.001
187,15,false,false,false,-2584.0,0.1,0.99,0.8293661352855802,0.001
188,22,false,false,false,-4101.0,0.1,0.99,0.8285367691502946,0.001
189,3,false,false,false,-2002.0,0.1,0.99,0.8277082323811443,0.001
190,7,false,false,false,-2536.0,0.1,0.99,0.8268805241487632,0.001
191,8,false,false,false,-3517.0,0.1,0.99,0.8260536436246144,0.001
192,1,false,false,false,-2000.0,0.1,0.99,0.8252275899809898,0.001
193,3,false,false,false,-2502.0,0.1,0.99,0.8244023623910088,0.001
194,2,false,false,false,-2501.0,0.1,0.99,0.8235779600286178,0.001
195,2,false,false,false,-2001.0,0.1,0.99,0.8227543820685892,0.001
196,12,false,false,false,-2031.0,0.1,0.99,0.8219316276865206,0.001
197,3,false,false,false,-2502.0,0.1,0.99,0.8211096960588341,0.001
198,14,false,false,false,-3063.0,0.1,0.99,0.8202885863627752,0.001
199,4,false,false,false,-2023.0,0.1,0.99,0.8194682977764125,0.001
200,6,false,false,false,-2015.0,0.1,0.99,0.818648829478636,0.001
201,1,false,false,false,-2000.0,0.1,0.99,0.8178301806491574,0.001
202,98,false,false,false,-12967.0,0.1,0.99,0.8170123504685082,0.001
203,12,false,false,false,-3051.0,0.1,0.99,0.8161953381180397,0.001
204,5,false,false,false,-3014.0,0.1,0.99,0.8153791427799216,0.001
205,19,false,false,false,-2618.0,0.1,0.99,0.8145637636371417,0.001
206,4,false,false,false,-2003.0,0.1,0.99,0.8137491998735046,0.001
207,7,false,false,false,-2516.0,0.1,0.99,0.812935450673631,0.001
208,6,false,false,false,-2525.0,0.1,0.99,0.8121225152229574,0.001
209,17,false,false,false,-3096.0,0.1,0.99,0.8113103927077344,0.001
210,16,false,false,false,-2595.0,0.1,0.99,0.8104990823150267,0.001
211,10,false,false,false,-3559.0,0.1,0.99,0.8096885832327116,0.001
212,7,false,false,false,-2016.0,0.1,0.99,0.8088788946494789,0.001
213,15,false,false,false,-3074.0,0.1,0.99,0.8080700157548294,0.001
214,7,false,false,false,-4016.0,0.1,0.99,0.8072619457390746,0.001
215,3,false,false,false,-2012.0,0.1,0.99,0.8064546837933355,0.001
216,10,false,false,false,-2039.0,0.1,0.99,0.8056482291095421,0.001
217,4,false,false,false,-2033.0,0.1,0.99,0.8048425808804326,0.001
218,15,false,false,false,-3064.0,0.1,0.99,0.8040377382995522,0.001
219,13,false,false,false,-3062.0,0.1,0.99,0.8032337005612527,0.001
220,9,false,false,false,-3008.0,0.1,0.99,0.8024304668606914,0.001
221,7,false,false,false,-2036.0,0.1,0.99,0.8016280363938307,0.001
222,2,false,false,false,-2011.0,0.1,0.99,0.8008264083574369,0.001
223,6,false,false,false,-2045.0,0.1,0.99,0.8000255819490795,0.001
224,2,false,false,false,-2501.0,0.1,0.99,0.7992255563671304,0.001
225,5,false,false,false,-2034.0,0.1,0.99,0.7984263308107633,0.001
226,53,false,false,false,-4692.0,0.1,0.99,0.7976279044799526,0.001
227,29,false,false,false,-3118.0,0.1,0.99,0.7968302765754727,0.001
228,1,false,false,false,-2000.0,0.1,0.99,0.7960334462988972,0.001
229,4,false,false,false,-2003.0,0.1,0.99,0.7952374128525983,0.001
230,6,false,false,false,-3025.0,0.1,0.99,0.7944421754397457,0.001
231,9,false,false,false,-2518.0,0.1,0.99,0.7936477332643059,0.001
232,3,false,false,false,-2512.0,0.1,0.99,0.7928540855310416,0.001
233,6,false,false,false,-2525.0,0.1,0.99,0.7920612314455105,0.001
234,11,false,false,false,-3040.0,0.1,0.99,0.7912691702140651,0.001
235,13,false,false,false,-3052.0,0.1,0.99,0.790477901043851,0.001
236,12,false,false,false,-3061.0,0.1,0.99,0.7896874231428072,0.001
237,15,false,true,false,-4544.0,0.1,0.99,0.7888977357196644,0.001
238,9,false,false,false,-3548.0,0.1,0.99,0.7881088379839447,0.001
239,5,false,false,false,-2014.0,0.1,0.99,0.7873207291459607,0.001
240,28,false,false,false,-3127.0,0.1,0.99,0.7865334084168147,0.001
241,31,false,false,false,-6150.0,0.1,0.99,0.7857468750083979,0.001
242,7,false,false,false,-3026.0,0.1,0.99,0.7849611281333895,0.001
243,18,false,false,false,-2087.0,0.1,0.99,0.784176167005256,0.001
244,12,false,false,false,-2551.0,0.1,0.99,0.7833919908382508,0.001
245,11,false,false,false,-3040.0,0.1,0.99,0.7826085988474126,0.001
246,9,false,false,false,-3548.0,0.1,0.99,0.7818259902485653,0.001
247,2,false,false,false,-2001.0,0.1,0.99,0.7810441642583167,0.001
248,4,false,false,false,-2003.0,0.1,0.99,0.7802631200940584,0.001
249,1,false,false,false,-2000.0,0.1,0.99,0.7794828569739644,0.001
250,2,false,false,false,-2001.0,0.1,0.99,0.7787033741169904,0.001
251,12,false,false,false,-2051.0,0.1,0.99,0.7779246707428734,0.001
252,37,false,false,false,-5176.0,0.1,0.99,0.7771467460721305,0.001
253,1,false,false,false,-2000.0,0.1,0.99,0.7763695993260584,0.001
254,3,false,false,false,-2022.0,0.1,0.99,0.7755932297267324,0.001
255,5,false,false,false,-3514.0,0.1,0.99,0.7748176364970056,0.001
256,3,false,false,false,-2002.0,0.1,0.99,0.7740428188605086,0.001
257,2,false,false,false,-2011.0,0.1,0.99,0.7732687760416481,0.001
258,17,false,false,false,-2566.0,0.1,0.99,0.7724955072656065,0.001
259,17,false,false,false,-4056.0,0.1,0.99,0.7717230117583408,0.001
260,2,false,false,false,-2001.0,0.1,0.99,0.7709512887465825,0.001
261,2,false,false,false,-2001.0,0.1,0.99,0.7701803374578359,0.001
262,6,false,false,false,-2545.0,0.1,0.99,0.7694101571203781,0.001
263,18,false,false,false,-2577.0,0.1,0.99,0.7686407469632577,0.001
264,2,false,false,false,-2001.0,0.1,0.99,0.7678721062162944,0.001
265,4,false,false,false,-2033.0,0.1,0.99,0.7671042341100781,0.001
266,5,false,false,false,-2024.0,0.1,0.99,0.766337129875968,0.001
267,3,false,false,false,-2012.0,0.1,0.99,0.7655707927460921,0.001
268,38,false,false,false,-7127.0,0.1,0.99,0.764805221953346,0.001
269,5,false,false,false,-2014.0,0.1,0.99,0.7640404167313927,0.001
270,10,false,false,false,-2569.0,0.1,0.99,0.7632763763146613,0.001
271,15,false,false,false,-3084.0,0.1,0.99,0.7625130999383466,0.001
272,2,false,false,false,-2501.0,0.1,0.99,0.7617505868384082,0.001
273,8,false,false,false,-3047.0,0.1,0.99,0.7609888362515699,0.001
274,3,false,false,false,-2502.0,0.1,0.99,0.7602278474153183,0.001
275,14,false,false,false,-2583.0,0.1,0.99,0.759467619567903,0.001
276,2,false,false,false,-2011.0,0.1,0.99,0.7587081519483351,0.001
277,4,false,false,false,-2023.0,0.1,0.99,0.7579494437963867,0.001
278,3,false,false,false,-2012.0,0.1,0.99,0.7571914943525904,0.001
279,15,false,false,false,-2054.0,0.1,0.99,0.7564343028582378,0.001
280,29,false,false,false,-3588.0,0.1,0.99,0.7556778685553796,0.001
281,60,false,false,false,-3739.0,0.1,0.99,0.7549221906868242,0.001
282,18,false,false,false,-3077.0,0.1,0.99,0.7541672684961374,0.001
283,2,false,false,false,-2001.0,0.1,0.99,0.7534131012276413,0.001
284,3,false,false,false,-2512.0,0.1,0.99,0.7526596881264136,0.001
285,28,false,false,false,-2117.0,0.1,0.99,0.7519070284382872,0.001
286,8,false,false,false,-3517.0,0.1,0.99,0.7511551214098489,0.001
287,9,false,false,false,-3018.0,0.1,0.99,0.750403966288439,0.001
288,34,false,false,false,-4213.0,0.1,0.99,0.7496535623221505,0.001
289,15,false,false,false,-3544.0,0.1,0.99,0.7489039087598284,0.001
290,5,false,false,false,-2514.0,0.1,0.99,0.7481550048510686,0.001
291,7,false,false,false,-2046.0,0.1,0.99,0.7474068498462175,0.001
292,3,false,false,false,-2022.0,0.1,0.99,0.7466594429963713,0.001
293,5,false,false,false,-2514.0,0.1,0.99,0.745912783553375,0.001
294,2,false,false,false,-2501.0,0.1,0.99,0.7451668707698216,0.001
295,21,false,false,false,-3590.0,0.1,0.99,0.7444217038990517,0.001
296,27,false,false,false,-3136.0,0.1,0.99,0.7436772821951526,0.001
297,2,false,false,false,-2011.0,0.1,0.99,0.7429336049129575,0.001
298,60,false,false,false,-5759.0,0.1,0.99,0.7421906713080445,0.001
299,5,false,false,false,-2524.0,0.1,0.99,0.7414484806367364,0.001
300,5,false,false,false,-3014.0,0.1,0.99,0.7407070321560997,0.001
301,3,false,false,false,-2502.0,0.1,0.99,0.7399663251239436,0.001
302,5,false,false,false,-2514.0,0.1,0.99,0.7392263587988196,0.001
303,9,false,false,false,-2518.0,0.1,0.99,0.7384871324400207,0.001
304,2,false,false,false,-2501.0,0.1,0.99,0.7377486453075807,0.001
305,18,false,false,false,-3087.0,0.1,0.99,0.737010896662273,0.001
306,10,false,false,false,-3039.0,0.1,0.99,0.7362738857656108,0.001
307,10,false,false,false,-2039.0,0.1,0.99,0.7355376118798452,0.001
308,8,false,false,false,-2537.0,0.1,0.99,0.7348020742679654,0.001
309,6,false,false,false,-2035.0,0.1,0.99,0.7340672721936974,0.001
310,14,false,false,false,-2093.0,0.1,0.99,0.7333332049215037,0.001
311,11,false,false,false,-2540.0,0.1,0.99,0.7325998717165821,0.001
312,24,false,false,false,-3623.0,0.1,0.99,0.7318672718448656,0.001
313,3,false,false,false,-2012.0,0.1,0.99,0.7311354045730207,0.001
314,26,false,false,false,-3615.0,0.1,0.99,0.7304042691684477,0.001
315,1,false,false,false,-2000.0,0.1,0.99,0.7296738648992792,0.001
316,18,false,false,false,-3087.0,0.1,0.99,0.7289441910343799,0.001
317,18,false,false,false,-2577.0,0.1,0.99,0.7282152468433455,0.001
318,15,false,false,false,-2544.0,0.1,0.99,0.7274870315965022,0.001
319,4,false,false,false,-2003.0,0.1,0.99,0.7267595445649057,0.001
320,5,false,false,false,-2024.0,0.1,0.99,0.7260327850203407,0.001
321,10,false,false,false,-2039.0,0.1,0.99,0.7253067522353204,0.001
322,2,false,false,false,-2001.0,0.1,0.99,0.724581445483085,0.001
323,4,false,false,false,-2033.0,0.1,0.99,0.723856864037602,0.001
324,22,false,false,false,-3621.0,0.1,0.99,0.7231330071735643,0.001
325,1,false,false,false,-2000.0,0.1,0.99,0.7224098741663908,0.001
326,1,false,false,false,-2000.0,0.1,0.99,0.7216874642922244,0.001
327,4,false,false,false,-2013.0,0.1,0.99,0.7209657768279322,0.001
328,28,false,false,false,-2127.0,0.1,0.99,0.7202448110511043,0.001
329,7,false,false,false,-2036.0,0.1,0.99,0.7195245662400531,0.001
330,4,false,false,false,-2013.0,0.1,0.99,0.7188050416738131,0.001
331,18,false,false,false,-2097.0,0.1,0.99,0.7180862366321393,0.001
332,2,false,false,false,-2001.0,0.1,0.99,0.7173681503955072,0.001
333,14,false,false,false,-2073.0,0.1,0.99,0.7166507822451117,0.001
334,6,false,false,false,-2025.0,0.1,0.99,0.7159341314628666,0.001
335,9,false,false,false,-2048.0,0.1,0.99,0.7152181973314037,0.001
336,12,false,false,false,-2531.0,0.1,0.99,0.7145029791340722,0.001
337,4,false,false,false,-2023.0,0.1,0.99,0.7137884761549381,0.001
338,1,false,false,false,-2000.0,0.1,0.99,0.7130746876787832,0.001
339,3,false,false,false,-2012.0,0.1,0.99,0.7123616129911045,0.001
340,53,false,false,false,-4692.0,0.1,0.99,0.7116492513781133,0.001
341,28,false,false,false,-4607.0,0.1,0.99,0.7109376021267352,0.001
342,33,false,false,false,-3632.0,0.1,0.99,0.7102266645246085,0.001
343,14,false,false,false,-3053.0,0.1,0.99,0.7095164378600839,0.001
344,18,false,false,false,-3607.0,0.1,0.99,0.7088069214222238,0.001
345,12,false,false,false,-2551.0,0.1,0.99,0.7080981145008015,0.001
346,6,false,false,false,-2045.0,0.1,0.99,0.7073900163863007,0.001
347,7,false,false,false,-3006.0,0.1,0.99,0.7066826263699144,0.001
348,28,false,false,false,-4607.0,0.1,0.99,0.7059759437435444,0.001
349,16,false,false,false,-3085.0,0.1,0.99,0.7052699677998009,0.001
350,4,false,false,false,-3013.0,0.1,0.99,0.704564697832001,0.001
351,1,false,false,false,-2000.0,0.1,0.99,0.7038601331341691,0.001
352,65,false,false,false,-5284.0,0.1,0.99,0.7031562730010349,0.001
353,35,false,false,false,-5184.0,0.1,0.99,0.7024531167280339,0.001
354,7,false,false,false,-2036.0,0.1,0.99,0.7017506636113059,0.001
355,1,false,false,false,-2000.0,0.1,0.99,0.7010489129476946,0.001
356,2,false,false,false,-2501.0,0.1,0.99,0.7003478640347469,0.001
357,38,false,false,false,-5127.0,0.1,0.99,0.6996475161707122,0.001
358,17,false,false,false,-3096.0,0.1,0.99,0.6989478686545415,0.001
359,6,false,false,false,-2515.0,0.1,0.99,0.698248920785887,0.001
360,25,false,true,false,-3584.0,0.1,0.99,0.6975506718651011,0.001
361,3,false,false,false,-2502.0,0.1,0.99,0.6968531211932361,0.001
362,4,false,false,false,-2023.0,0.1,0.99,0.6961562680720428,0.001
363,30,false,false,false,-5099.0,0.1,0.99,0.6954601118039707,0.001
364,8,false,false,false,-2527.0,0.1,0.99,0.6947646516921667,0.001
365,8,false,false,false,-2527.0,0.1,0.99,0.6940698870404746,0.001
366,5,false,false,false,-2514.0,0.1,0.99,0.6933758171534341,0.001
367,22,false,false,false,-5571.0,0.1,0.99,0.6926824413362807,0.001
368,3,false,false,false,-2022.0,0.1,0.99,0.6919897588949444,0.001
369,1,false,false,false,-2000.0,0.1,0.99,0.6912977691360495,0.001
370,7,false,false,false,-2516.0,0.1,0.99,0.6906064713669134,0.001
371,7,false,false,false,-2516.0,0.1,0.99,0.6899158648955466,0.001
372,1,false,false,false,-2000.0,0.1,0.99,0.689225949030651,0.001
373,15,false,false,false,-2554.0,0.1,0.99,0.6885367230816204,0.001
374,19,false,false,false,-2598.0,0.1,0.99,0.6878481863585387,0.001
375,6,false,false,false,-2515.0,0.1,0.99,0.6871603381721801,0.001
376,13,false,false,false,-2582.0,0.1,0.99,0.686473177834008,0.001
377,7,false,false,false,-3046.0,0.1,0.99,0.685786704656174,0.001
378,8,false,false,false,-2037.0,0.1,0.99,0.6851009179515178,0.001
379,12,false,false,false,-2521.0,0.1,0.99,0.6844158170335664,0.001
380,36,false,false,false,-3635.0,0.1,0.99,0.6837314012165328,0.001
381,7,false,false,false,-2026.0,0.1,0.99,0.6830476698153162,0.001
382,22,false,false,false,-3081.0,0.1,0.99,0.6823646221455009,0.001
383,36,false,false,false,-4135.0,0.1,0.99,0.6816822575233553,0.001
384,13,false,false,false,-2082.0,0.1,0.99,0.6810005752658319,0.001
385,31,false,false,false,-5650.0,0.1,0.99,0.680319574690566,0.001
386,19,false,false,false,-3068.0,0.1,0.99,0.6796392551158754,0.001
387,1,false,false,false,-2000.0,0.1,0.99,0.6789596158607596,0.001
388,4,false,false,false,-2003.0,0.1,0.99,0.6782806562448989,0.001
389,21,false,false,false,-2590.0,0.1,0.99,0.677602375588654,0.001
390,5,false,false,false,-2524.0,0.1,0.99,0.6769247732130653,0.001
391,19,false,false,false,-3598.0,0.1,0.99,0.6762478484398523,0.001
392,37,false,false,false,-3656.0,0.1,0.99,0.6755716005914124,0.001
393,10,false,false,false,-2569.0,0.1,0.99,0.674896028990821,0.001
394,11,false,false,false,-3050.0,0.1,0.99,0.6742211329618302,0.001
395,15,false,false,false,-3064.0,0.1,0.99,0.6735469118288684,0.001
396,7,false,false,false,-2516.0,0.1,0.99,0.6728733649170395,0.001
397,55,false,true,false,-6744.0,0.1,0.99,0.6722004915521225,0.001
398,6,false,false,false,-3015.0,0.1,0.99,0.6715282910605703,0.001
399,6,false,false,false,-3005.0,0.1,0.99,0.6708567627695098,0.001
400,28,false,false,false,-3577.0,0.1,0.99,0.6701859060067403,0.001
401,1,false,false,false,-2000.0,0.1,0.99,0.6695157201007336,0.001
402,6,false,false,false,-2025.0,0.1,0.99,0.6688462043806328,0.001
403,6,false,false,false,-3515.0,0.1,0.99,0.6681773581762521,0.001
404,10,false,false,false,-2019.0,0.1,0.99,0.6675091808180759,0.001
405,10,false,false,false,-2549.0,0.1,0.99,0.6668416716372578,0.001
406,4,false,false,false,-3013.0,0.1,0.99,0.6661748299656206,0.001
407,2,false,false,false,-2011.0,0.1,0.99,0.6655086551356549,0.001
408,11,false,false,false,-3060.0,0.1,0.99,0.6648431464805192,0.001
409,7,false,false,false,-3036.0,0.1,0.99,0.6641783033340387,0.001
410,7,false,false,false,-3046.0,0.1,0.99,0.6635141250307047,0.001
411,3,false,false,false,-2012.0,0.1,0.99,0.662850610905674,0.001
412,13,false,false,false,-2042.0,0.1,0.99,0.6621877602947683,0.001
413,1,false,false,false,-2000.0,0.1,0.99,0.6615255725344735,0.001
414,10,false,false,false,-2539.0,0.1,0.99,0.660864046961939,0.001
415,22,false,false,false,-2551.0,0.1,0.99,0.660203182914977,0.001
416,5,false,false,false,-2004.0,0.1,0.99,0.6595429797320621,0.001
417,2,false,false,false,-2011.0,0.1,0.99,0.6588834367523301,0.001
418,9,false,false,false,-2028.0,0.1,0.99,0.6582245533155777,0.001
419,128,false,false,false,-7027.0,0.1,0.99,0.6575663287622622,0.001
420,2,false,false,false,-2011.0,0.1,0.99,0.6569087624334999,0.001
421,3,false,false,false,-2002.0,0.1,0.99,0.6562518536710664,0.001
422,3,false,false,false,-2022.0,0.1,0.99,0.6555956018173954,0.001
423,12,false,false,false,-2551.0,0.1,0.99,0.654940006215578,0.001
424,1,false,false,false,-2000.0,0.1,0.99,0.6542850662093624,0.001
425,5,false,false,false,-3014.0,0.1,0.99,0.6536307811431531,0.001
426,2,false,false,false,-2001.0,0.1,0.99,0.65297715036201,0.001
427,1,false,false,false,-2000.0,0.1,0.99,0.6523241732116479,0.001
428,1,false,false,false,-2000.0,0.1,0.99,0.6516718490384363,0.001
429,6,false,false,false,-2045.0,0.1,0.99,0.6510201771893979,0.001
430,20,false,false,false,-2619.0,0.1,0.99,0.6503691570122084,0.001
431,10,false,false,false,-2539.0,0.1,0.99,0.6497187878551962,0.001
432,18,false,false,false,-3057.0,0.1,0.99,0.649069069067341,0.001
433,12,false,false,false,-2561.0,0.1,0.99,0.6484199999982736,0.001
434,1,false,false,false,-2000.0,0.1,0.99,0.6477715799982753,0.001
435,50,false,false,false,-3799.0,0.1,0.99,0.647123808418277,0.001
436,9,false,false,false,-3018.0,0.1,0.99,0.6464766846098587,0.001
437,2,false,false,false,-2001.0,0.1,0.99,0.6458302079252489,0.001
438,23,false,false,false,-4112.0,0.1,0.99,0.6451843777173236,0.001
439,6,false,false,false,-2015.0,0.1,0.99,0.6445391933396063,0.001
440,5,false,false,false,-2504.0,0.1,0.99,0.6438946541462667,0.001
441,3,false,false,false,-2002.0,0.1,0.99,0.6432507594921204,0.001
442,4,false,false,false,-2013.0,0.1,0.99,0.6426075087326283,0.001
443,12,false,false,false,-3051.0,0.1,0.99,0.6419649012238956,0.001
444,50,false,false,false,-5659.0,0.1,0.99,0.6413229363226717,0.001
445,35,false,false,false,-4674.0,0.1,0.99,0.640681613386349,0.001
446,32,false,false,false,-2631.0,0.1,0.99,0.6400409317729626,0.001
447,5,false,false,false,-2524.0,0.1,0.99,0.6394008908411897,0.001
448,4,false,false,false,-2023.0,0.1,0.99,0.6387614899503485,0.001
449,49,false,false,false,-4208.0,0.1,0.99,0.6381227284603982,0.001
450,40,false,false,false,-3149.0,0.1,0.99,0.6374846057319378,0.001
451,5,false,false,false,-2504.0,0.1,0.99,0.6368471211262058,0.001
452,3,false,false,false,-2502.0,0.1,0.99,0.6362102740050796,0.001
453,10,false,false,false,-2519.0,0.1,0.99,0.6355740637310745,0.001
454,17,false,false,false,-2566.0,0.1,0.99,0.6349384896673435,0.001
455,5,false,false,false,-2504.0,0.1,0.99,0.6343035511776761,0.001
456,5,false,false,false,-2024.0,0.1,0.99,0.6336692476264985,0.001
457,21,false,false,false,-2610.0,0.1,0.99,0.6330355783788719,0.001
458,8,false,false,false,-3037.0,0.1,0.99,0.632402542800493,0.001
459,11,false,false,false,-2050.0,0.1,0.99,0.6317701402576925,0.001
460,2,false,false,false,-2011.0,0.1,0.99,0.6311383701174348,0.001
461,9,false,false,false,-2528.0,0.1,0.99,0.6305072317473174,0.001
462,14,false,false,false,-3053.0,0.1,0.99,0.6298767245155701,0.001
463,10,false,false,false,-3509.0,0.1,0.99,0.6292468477910546,0.001
464,4,false,false,false,-2003.0,0.1,0.99,0.6286176009432635,0.001
465,55,false,false,false,-7624.0,0.1,0.99,0.6279889833423202,0.001
466,9,false,false,false,-2028.0,0.1,0.99,0.6273609943589779,0.001
467,19,false,false,false,-3578.0,0.1,0.99,0.6267336333646188,0.001
468,1,false,false,false,-2000.0,0.1,0.99,0.6261068997312542,0.001
469,5,false,false,false,-2024.0,0.1,0.99,0.6254807928315229,0.001
470,1,false,false,false,-2000.0,0.1,0.99,0.6248553120386914,0.001
471,9,false,false,false,-2018.0,0.1,0.99,0.6242304567266527,0.001
472,13,false,false,false,-2552.0,0.1,0.99,0.623606226269926,0.001
473,39,false,false,false,-4138.0,0.1,0.99,0.6229826200436561,0.001
474,9,false,false,false,-4028.0,0.1,0.99,0.6223596374236124,0.001
475,7,false,false,false,-2016.0,0.1,0.99,0.6217372777861888,0.001
476,8,false,false,false,-3037.0,0.1,0.99,0.6211155405084027,0.001
477,15,false,false,false,-3064.0,0.1,0.99,0.6204944249678943,0.001
478,2,false,false,false,-2001.0,0.1,0.99,0.6198739305429264,0.001
479,18,false,false,false,-3567.0,0.1,0.99,0.6192540566123834,0.001
480,2,false,false,false,-2501.0,0.1,0.99,0.6186348025557711,0.001
481,1,false,false,false,-2000.0,0.1,0.99,0.6180161677532153,0.001
482,3,false,false,false,-2012.0,0.1,0.99,0.6173981515854621,0.001
483,4,false,false,false,-2503.0,0.1,0.99,0.6167807534338766,0.001
484,41,false,false,false,-4150.0,0.1,0.99,0.6161639726804428,0.001
485,12,false,false,false,-2041.0,0.1,0.99,0.6155478087077623,0.001
486,2,false,false,false,-2001.0,0.1,0.99,0.6149322608990545,0.001
487,2,false,false,false,-2011.0,0.1,0.99,0.6143173286381555,0.001
488,15,false,false,false,-3044.0,0.1,0.99,0.6137030113095173,0.001
489,9,false,false,false,-2028.0,0.1,0.99,0.6130893082982078,0.001
490,6,false,false,false,-2535.0,0.1,0.99,0.6124762189899097,0.001
491,20,false,false,false,-3119.0,0.1,0.99,0.6118637427709198,0.001
492,1,false,false,false,-2000.0,0.1,0.99,0.6112518790281489,0.001
493,7,false,false,false,-2016.0,0.1,0.99,0.6106406271491208,0.001
494,6,false,false,false,-3015.0,0.1,0.99,0.6100299865219717,0.001
495,12,false,false,false,-3061.0,0.1,0.99,0.6094199565354498,0.001
496,30,false,false,false,-4129.0,0.1,0.99,0.6088105365789144,0.001
497,5,false,false,false,-2024.0,0.1,0.99,0.6082017260423355,0.001
498,8,false,false,false,-3047.0,0.1,0.99,0.6075935243162931,0.001
499,7,false,false,false,-2536.0,0.1,0.99,0.6069859307919768,0.001
500,23,false,false,false,-4052.0,0.1,0.99,0.6063789448611848,0.001
501,20,false,false,false,-3079.0,0.1,0.99,0.6057725659163237,0.001
502,3,false,false,false,-2012.0,0.1,0.99,0.6051667933504074,0.001
503,3,false,false,false,-2012.0,0.1,0.99,0.6045616265570569,0.001
504,51,false,false,false,-4200.0,0.1,0.99,0.6039570649304998,0.001
505,7,false,false,false,-2526.0,0.1,0.99,0.6033531078655693,0.001
506,4,false,false,false,-2523.0,0.1,0.99,0.6027497547577038,0.001
507,47,false,false,false,-4236.0,0.1,0.99,0.602147005002946,0.001
508,20,false,false,false,-3059.0,0.1,0.99,0.6015448579979431,0.001
509,5,false,false,false,-2034.0,0.1,0.99,0.6009433131399452,0.001
510,6,false,false,false,-2015.0,0.1,0.99,0.6003423698268052,0.001
511,1,false,false,false,-2000.0,0.1,0.99,0.5997420274569785,0.001
512,22,false,false,false,-2581.0,0.1,0.99,0.5991422854295215,0.001
513,28,false,false,false,-3607.0,0.1,0.99,0.598543143144092,0.001
514,11,false,false,false,-2530.0,0.1,0.99,0.5979446000009478,0.001
515,2,false,false,false,-2011.0,0.1,0.99,0.5973466554009469,0.001
516,6,false,false,false,-3025.0,0.1,0.99,0.596749308745546,0.001
517,24,false,false,false,-3573.0,0.1,0.99,0.5961525594368005,0.001
518,31,false,false,false,-3110.0,0.1,0.99,0.5955564068773637,0.001
519,9,false,false,false,-2038.0,0.1,0.99,0.5949608504704863,0.001
520,3,false,false,false,-2002.0,0.1,0.99,0.5943658896200158,0.001
521,45,false,false,false,-5174.0,0.1,0.99,0.5937715237303958,0.001
522,5,false,false,false,-2014.0,0.1,0.99,0.5931777522066654,0.001
523,47,false,false,false,-4666.0,0.1,0.99,0.5925845744544587,0.001
524,9,false,false,false,-2528.0,0.1,0.99,0.5919919898800042,0.001
525,10,false,false,false,-2039.0,0.1,0.99,0.5913999978901242,0.001
526,6,false,false,false,-2015.0,0.1,0.99,0.590808597892234,0.001
527,2,false,false,false,-2011.0,0.1,0.99,0.5902177892943418,0.001
528,2,false,false,false,-2001.0,0.1,0.99,0.5896275715050474,0.001
529,9,false,false,false,-2008.0,0.1,0.99,0.5890379439335424,0.001
530,14,false,false,false,-2543.0,0.1,0.99,0.5884489059896089,0.001
531,27,false,false,false,-2566.0,0.1,0.99,0.5878604570836192,0.001
532,4,false,false,false,-2023.0,0.1,0.99,0.5872725966265356,0.001
533,6,false,false,false,-3015.0,0.1,0.99,0.5866853240299091,0.001
534,12,false,true,false,-3031.0,0.1,0.99,0.5860986387058792,0.001
535,23,false,false,false,-4062.0,0.1,0.99,0.5855125400671733,0.001
536,8,false,false,false,-2037.0,0.1,0.99,0.5849270275271061,0.001
537,1,false,false,false,-2000.0,0.1,0.99,0.584342100499579,0.001
538,3,false,false,false,-2012.0,0.1,0.99,0.5837577583990794,0.001
539,16,false,false,false,-2555.0,0.1,0.99,0.5831740006406804,0.001
540,18,false,true,false,-3067.0,0.1,0.99,0.5825908266400397,0.001
541,10,false,false,false,-3049.0,0.1,0.99,0.5820082358133997,0.001
542,5,false,false,false,-2014.0,0.1,0.99,0.5814262275775862,0.001
543,10,false,false,false,-2019.0,0.1,0.99,0.5808448013500086,0.001
544,6,false,false,false,-2035.0,0.1,0.99,0.5802639565486586,0.001
545,1,false,false,false,-2000.0,0.1,0.99,0.57968369259211,0.001
546,11,false,false,false,-2040.0,0.1,0.99,0.5791040088995179,0.001
547,18,false,false,false,-2597.0,0.1,0.99,0.5785249048906184,0.001
548,11,false,false,false,-3520.0,0.1,0.99,0.5779463799857277,0.001
549,10,false,false,false,-2049.0,0.1,0.99,0.577368433605742,0.001
550,3,false,false,false,-2002.0,0.1,0.99,0.5767910651721362,0.001
551,12,false,false,false,-2541.0,0.1,0.99,0.576214274106964,0.001
552,3,false,false,false,-2012.0,0.1,0.99,0.5756380598328571,0.001
553,15,false,false,false,-2534.0,0.1,0.99,0.5750624217730242,0.001
554,21,false,false,false,-4040.0,0.1,0.99,0.5744873593512512,0.001
555,2,false,false,false,-2001.0,0.1,0.99,0.5739128719918999,0.001
556,6,false,false,false,-2515.0,0.1,0.99,0.573338959119908,0.001
557,3,false,false,false,-2012.0,0.1,0.99,0.572765620160788,0.001
558,6,false,false,false,-2025.0,0.1,0.99,0.5721928545406272,0.001
559,1,false,false,false,-2000.0,0.1,0.99,0.5716206616860866,0.001
560,12,false,false,false,-2541.0,0.1,0.99,0.5710490410244006,0.001
561,3,false,false,false,-2002.0,0.1,0.99,0.5704779919833761,0.001
562,5,false,false,false,-2014.0,0.1,0.99,0.5699075139913927,0.001
563,40,false,false,false,-3659.0,0.1,0.99,0.5693376064774013,0.001
564,43,false,false,false,-3632.0,0.1,0.99,0.5687682688709239,0.001
565,1,false,false,false,-2000.0,0.1,0.99,0.5681995006020529,0.001
566,18,false,false,false,-3057.0,0.1,0.99,0.5676313011014509,0.001
567,32,false,false,false,-2121.0,0.1,0.99,0.5670636698003494,0.001
568,50,false,false,false,-4709.0,0.1,0.99,0.5664966061305491,0.001
569,3,false,false,false,-2002.0,0.1,0.99,0.5659301095244186,0.001
570,1,false,false,false,-2000.0,0.1,0.99,0.5653641794148941,0.001
571,3,false,false,false,-2012.0,0.1,0.99,0.5647988152354793,0.001
572,23,false,false,false,-2582.0,0.1,0.99,0.5642340164202437,0.001
573,15,false,false,false,-3064.0,0.1,0.99,0.5636697824038235,0.001
574,11,false,false,false,-2550.0,0.1,0.99,0.5631061126214196,0.001
575,31,false,false,false,-3080.0,0.1,0.99,0.5625430065087982,0.001
576,53,false,false,false,-6692.0,0.1,0.99,0.5619804635022894,0.001
577,4,false,false,false,-2013.0,0.1,0.99,0.561418483038787,0.001
578,20,false,false,false,-2059.0,0.1,0.99,0.5608570645557482,0.001
579,16,false,false,false,-2545.0,0.1,0.99,0.5602962074911925,0.001
580,7,false,false,false,-2516.0,0.1,0.99,0.5597359112837013,0.001
581,8,false,false,false,-2017.0,0.1,0.99,0.5591761753724176,0.001
582,14,false,false,false,-2553.0,0.1,0.99,0.5586169991970452,0.001
583,4,false,false,false,-2013.0,0.1,0.99,0.5580583821978482,0.001
584,12,false,false,false,-2041.0,0.1,0.99,0.5575003238156504,0.001
585,10,false,false,false,-2029.0,0.1,0.99,0.5569428234918348,0.001
586,9,false,false,false,-2528.0,0.1,0.99,0.5563858806683429,0.001
587,15,false,false,false,-2044.0,0.1,0.99,0.5558294947876746,0.001
588,16,false,false,false,-3055.0,0.1,0.99,0.5552736652928869,0.001
589,11,false,false,false,-2030.0,0.1,0.99,0.5547183916275941,0.001
590,6,false,false,false,-2515.0,0.1,0.99,0.5541636732359665,0.001
591,4,false,false,false,-2003.0,0.1,0.99,0.5536095095627305,0.001
592,27,false,false,false,-3616.0,0.1,0.99,0.5530559000531677,0.001
593,95,false,false,false,-6784.0,0.1,0.99,0.5525028441531146,0.001
594,8,false,false,false,-2537.0,0.1,0.99,0.5519503413089615,0.001
595,6,false,false,false,-2515.0,0.1,0.99,0.5513983909676525,0.001
596,13,false,false,false,-3532.0,0.1,0.99,0.5508469925766849,0.001
597,22,false,false,false,-3581.0,0.1,0.99,0.5502961455841082,0.001
598,17,false,false,false,-2536.0,0.1,0.99,0.5497458494385241,0.001
599,4,false,false,false,-2503.0,0.1,0.99,0.5491961035890855,0.001
600,1,false,false,false,-2000.0,0.1,0.99,0.5486469074854965,0.001
601,76,false,false,false,-7315.0,0.1,0.99,0.548098260578011,0.001
602,6,false,false,false,-2525.0,0.1,0.99,0.547550162317433,0.001
603,36,false,false,false,-3145.0,0.1,0.99,0.5470026121551156,0.001
604,11,false,false,false,-3050.0,0.1,0.99,0.5464556095429605,0.001
605,8,false,false,false,-2527.0,0.1,0.99,0.5459091539334175,0.001
606,19,false,false,false,-3578.0,0.1,0.99,0.5453632447794842,0.001
607,7,false,false,false,-2026.0,0.1,0.99,0.5448178815347047,0.001
608,1,false,false,false,-2000.0,0.1,0.99,0.54427306365317,0.001
609,20,false,false,false,-3069.0,0.1,0.99,0.5437287905895168,0.001
610,27,false,false,false,-2646.0,0.1,0.99,0.5431850617989273,0.001
611,6,false,false,false,-2015.0,0.1,0.99,0.5426418767371284,0.001
612,13,false,false,false,-2562.0,0.1,0.99,0.5420992348603912,0.001
613,5,false,false,false,-2014.0,0.1,0.99,0.5415571356255309,0.001
614,11,false,false,false,-2530.0,0.1,0.99,0.5410155784899053,0.001
615,3,false,false,false,-2002.0,0.1,0.99,0.5404745629114154,0.001
616,8,false,false,false,-2017.0,0.1,0.99,0.539934088348504,0.001
617,1,false,false,false,-2000.0,0.1,0.99,0.5393941542601555,0.001
618,11,false,false,false,-2550.0,0.1,0.99,0.5388547601058953,0.001
619,22,false,false,false,-2561.0,0.1,0.99,0.5383159053457894,0.001
620,6,false,false,false,-3035.0,0.1,0.99,0.5377775894404436,0.001
621,46,false,false,false,-4175.0,0.1,0.99,0.5372398118510032,0.001
622,23,false,false,false,-4572.0,0.1,0.99,0.5367025720391522,0.001
623,43,false,false,false,-4132.0,0.1,0.99,0.536165869467113,0.001
624,27,false,false,false,-3596.0,0.1,0.99,0.5356297035976458,0.001
625,12,false,false,false,-2031.0,0.1,0.99,0.5350940738940482,0.001
626,6,false,false,false,-2025.0,0.1,0.99,0.5345589798201541,0.001
627,10,false,false,false,-3029.0,0.1,0.99,0.534024420840334,0.001
628,5,false,false,false,-3014.0,0.1,0.99,0.5334903964194936,0.001
629,33,false,false,false,-4612.0,0.1,0.99,0.5329569060230741,0.001
630,6,false,false,false,-3505.0,0.1,0.99,0.532423949117051,0.001
631,9,false,false,false,-2528.0,0.1,0.99,0.531891525167934,0.001
632,7,false,false,false,-2006.0,0.1,0.99,0.5313596336427661,0.001
633,17,false,false,false,-3096.0,0.1,0.99,0.5308282740091232,0.001
634,9,false,false,false,-2508.0,0.1,0.99,0.5302974457351142,0.001
635,10,false,false,false,-2019.0,0.1,0.99,0.5297671482893791,0.001
636,9,false,false,false,-2028.0,0.1,0.99,0.5292373811410898,0.001
637,9,false,false,false,-2038.0,0.1,0.99,0.5287081437599487,0.001
638,3,false,false,false,-2002.0,0.1,0.99,0.5281794356161887,0.001
639,32,false,false,false,-2171.0,0.1,0.99,0.5276512561805725,0.001
640,18,false,false,false,-2567.0,0.1,0.99,0.5271236049243919,0.001
641,25,false,false,false,-4574.0,0.1,0.99,0.5265964813194676,0.001
642,10,false,false,false,-3039.0,0.1,0.99,0.5260698848381481,0.001
643,1,false,false,false,-2000.0,0.1,0.99,0.5255438149533099,0.001
644,66,false,false,false,-5235.0,0.1,0.99,0.5250182711383566,0.001
645,7,false,false,false,-2036.0,0.1,0.99,0.5244932528672183,0.001
646,6,false,false,false,-3515.0,0.1,0.99,0.5239687596143511,0.001
647,15,false,false,false,-2524.0,0.1,0.99,0.5234447908547367,0.001
648,53,false,false,false,-4172.0,0.1,0.99,0.522921346063882,0.001
649,7,false,false,false,-3026.0,0.1,0.99,0.522398424717818,0.001
650,1,false,false,false,-2000.0,0.1,0.99,0.5218760262931003,0.001
651,2,false,false,false,-2001.0,0.1,0.99,0.5213541502668072,0.001
652,3,false,false,false,-2012.0,0.1,0.99,0.5208327961165404,0.001
653,55,false,false,false,-5194.0,0.1,0.99,0.5203119633204238,0.001
654,41,false,false,false,-2690.0,0.1,0.99,0.5197916513571034,0.001
655,5,false,false,false,-2514.0,0.1,0.99,0.5192718597057463,0.001
656,16,false,false,false,-2055.0,0.1,0.99,0.5187525878460405,0.001
657,12,false,false,false,-2541.0,0.1,0.99,0.5182338352581944,0.001
658,6,false,false,false,-2035.0,0.1,0.99,0.5177156014229363,0.001
659,38,false,false,false,-2637.0,0.1,0.99,0.5171978858215134,0.001
660,2,false,false,false,-2001.0,0.1,0.99,0.5166806879356919,0.001
661,2,false,false,false,-2011.0,0.1,0.99,0.5161640072477562,0.001
662,27,false,false,false,-3586.0,0.1,0.99,0.5156478432405085,0.001
663,7,false,false,false,-2026.0,0.1,0.99,0.515132195397268,0.001
664,13,false,false,false,-2052.0,0.1,0.99,0.5146170632018707,0.001
665,14,false,false,false,-2053.0,0.1,0.99,0.5141024461386688,0.001
666,20,false,false,false,-3039.0,0.1,0.99,0.5135883436925301,0.001
667,7,false,false,false,-2536.0,0.1,0.99,0.5130747553488376,0.001
668,7,false,false,false,-2016.0,0.1,0.99,0.5125616805934888,0.001
669,31,false,false,false,-2610.0,0.1,0.99,0.5120491189128954,0.001
670,19,false,false,false,-2538.0,0.1,0.99,0.5115370697939825,0.001
671,9,false,true,false,-2028.0,0.1,0.99,0.5110255327241885,0.001
672,36,false,false,false,-3605.0,0.1,0.99,0.5105145071914643,0.001
673,30,false,false,false,-3599.0,0.1,0.99,0.5100039926842729,0.001
674,12,false,false,false,-2031.0,0.1,0.99,0.5094939886915886,0.001
675,17,false,false,false,-2536.0,0.1,0.99,0.508984494702897,0.001
676,4,false,false,false,-2013.0,0.1,0.99,0.508475510208194,0.001
677,3,false,false,false,-2502.0,0.1,0.99,0.5079670346979859,0.001
678,55,false,false,false,-3194.0,0.1,0.99,0.5074590676632879,0.001
679,4,false,false,false,-2023.0,0.1,0.99,0.5069516085956246,0.001
680,10,false,false,false,-3529.0,0.1,0.99,0.506444656987029,0.001
681,6,false,false,false,-2505.0,0.1,0.99,0.505938212330042,0.001
682,31,false,false,false,-3580.0,0.1,0.99,0.505432274117712,0.001
683,11,false,false,false,-2050.0,0.1,0.99,0.5049268418435943,0.001
684,2,false,false,false,-2011.0,0.1,0.99,0.5044219150017507,0.001
685,3,false,false,false,-2502.0,0.1,0.99,0.5039174930867489,0.001
686,21,false,false,false,-3590.0,0.1,0.99,0.5034135755936622,0.001
687,4,false,false,false,-3003.0,0.1,0.99,0.5029101620180685,0.001
688,18,false,true,false,-3037.0,0.1,0.99,0.5024072518560504,0.001
689,30,false,false,false,-3069.0,0.1,0.99,0.5019048446041944,0.001
690,37,false,false,false,-4596.0,0.1,0.99,0.5014029397595902,0.001
691,33,false,false,false,-3622.0,0.1,0.99,0.5009015368198305,0.001
692,4,false,false,false,-2513.0,0.1,0.99,0.5004006352830107,0.001
693,22,false,false,false,-3561.0,0.1,0.99,0.4999002346477277,0.001
694,69,false,false,false,-7258.0,0.1,0.99,0.49940033441307996,0.001
695,8,false,false,false,-2017.0,0.1,0.99,0.49890093407866687,0.001
696,9,false,false,false,-2508.0,0.1,0.99,0.4984020331445882,0.001
697,2,false,false,false,-2501.0,0.1,0.99,0.4979036311114436,0.001
698,3,false,false,false,-2002.0,0.1,0.99,0.4974057274803321,0.001
699,33,false,false,false,-3642.0,0.1,0.99,0.49690832175285177,0.001
700,7,false,false,false,-2006.0,0.1,0.99,0.4964114134310989,0.001
701,18,false,false,false,-2047.0,0.1,0.99,0.4959150020176678,0.001
702,10,false,false,false,-2559.0,0.1,0.99,0.49541908701565013,0.001
703,4,false,false,false,-2023.0,0.1,0.99,0.49492366792863446,0.001
704,19,false,false,false,-3058.0,0.1,0.99,0.4944287442607058,0.001
705,5,false,false,false,-2024.0,0.1,0.99,0.4939343155164451,0.001
706,3,false,false,false,-2502.0,0.1,0.99,0.4934403812009287,0.001
707,2,false,false,false,-2011.0,0.1,0.99,0.4929469408197278,0.001
708,6,false,false,false,-2515.0,0.1,0.99,0.49245399387890804,0.001
709,10,false,false,false,-2049.0,0.1,0.99,0.4919615398850291,0.001
710,26,false,false,false,-3085.0,0.1,0.99,0.4914695783451441,0.001
711,7,false,false,false,-2016.0,0.1,0.99,0.4909781087667989,0.001
712,3,false,false,false,-2002.0,0.1,0.99,0.4904871306580321,0.001
713,40,false,false,false,-2679.0,0.1,0.99,0.4899966435273741,0.001
714,1,false,false,false,-2000.0,0.1,0.99,0.4895066468838467,0.001
715,17,false,true,false,-2576.0,0.1,0.99,0.48901714023696286,0.001
716,42,false,false,false,-2631.0,0.1,0.99,0.4885281230967259,0.001
717,4,false,false,false,-2013.0,0.1,0.99,0.48803959497362914,0.001
718,11,false,false,false,-2020.0,0.1,0.99,0.4875515553786555,0.001
719,9,false,false,false,-2518.0,0.1,0.99,0.48706400382327686,0.001
720,1,false,false,false,-2000.0,0.1,0.99,0.4865769398194536,0.001
721,9,false,false,false,-2528.0,0.1,0.99,0.48609036287963414,0.001
722,5,false,false,false,-2004.0,0.1,0.99,0.48560427251675453,0.001
723,13,false,false,false,-2522.0,0.1,0.99,0.48511866824423777,0.001
724,49,false,false,false,-4648.0,0.1,0.99,0.4846335495759935,0.001
725,3,false,false,false,-2002.0,0.1,0.99,0.4841489160264175,0.001
726,8,false,false,false,-2027.0,0.1,0.99,0.4836647671103911,0.001
727,29,false,false,false,-2598.0,0.1,0.99,0.4831811023432807,0.001
728,6,false,false,false,-2535.0,0.1,0.99,0.4826979212409374,0.001
729,29,false,false,false,-3108.0,0.1,0.99,0.48221522331969646,0.001
730,1,false,false,false,-2000.0,0.1,0.99,0.48173300809637676,0.001
731,26,false,false,false,-3115.0,0.1,0.99,0.48125127508828036,0.001
732,4,false,false,false,-2003.0,0.1,0.99,0.48077002381319206,0.001
733,24,false,false,false,-2573.0,0.1,0.99,0.48028925378937887,0.001
734,19,false,false,false,-2548.0,0.1,0.99,0.47980896453558947,0.001
735,18,false,false,false,-2077.0,0.1,0.99,0.4793291555710539,0.001
736,17,false,false,false,-3046.0,0.1,0.99,0.47884982641548285,0.001
737,10,false,false,false,-2029.0,0.1,0.99,0.47837097658906735,0.001
738,24,false,false,false,-2543.0,0.1,0.99,0.47789260561247826,0.001
739,9,false,false,false,-2028.0,0.1,0.99,0.4774147130068658,0.001
740,13,false,false,false,-2012.0,0.1,0.99,0.4769372982938589,0.001
741,1,false,false,false,-2000.0,0.1,0.99,0.47646036099556505,0.001
742,9,false,false,false,-2028.0,0.1,0.99,0.47598390063456947,0.001
743,40,false,false,false,-4129.0,0.1,0.99,0.4755079167339349,0.001
744,6,false,false,false,-2515.0,0.1,0.99,0.47503240881720094,0.001
745,23,false,false,false,-2062.0,0.1,0.99,0.47455737640838375,0.001
746,34,false,false,false,-3133.0,0.1,0.99,0.47408281903197536,0.001
747,56,false,false,false,-4645.0,0.1,0.99,0.47360873621294336,0.001
748,1,false,false,false,-2000.0,0.1,0.99,0.4731351274767304,0.001
749,36,false,false,false,-2625.0,0.1,0.99,0.4726619923492537,0.001
750,2,false,false,false,-2501.0,0.1,0.99,0.47218933035690447,0.001
751,23,false,false,false,-2532.0,0.1,0.99,0.47171714102654755,0.001
752,8,false,false,false,-2027.0,0.1,0.99,0.471245423885521,0.001
753,6,false,false,false,-2025.0,0.1,0.99,0.47077417846163544,0.001
754,7,false,false,false,-2036.0,0.1,0.99,0.4703034042831738,0.001
755,4,false,false,false,-2003.0,0.1,0.99,0.46983310087889063,0.001
756,26,false,false,false,-5575.0,0.1,0.99,0.46936326777801174,0.001
757,14,false,false,false,-2543.0,0.1,0.99,0.4688939045102337,0.001
758,49,false,false,false,-3658.0,0.1,0.99,0.4684250106057235,0.001
759,24,false,false,false,-3563.0,0.1,0.99,0.46795658559511777,0.001
760,4,false,false,false,-2023.0,0.1,0.99,0.46748862900952265,0.001
761,10,false,false,false,-2519.0,0.1,0.99,0.4670211403805131,0.001
762,8,false,false,false,-2027.0,0.1,0.99,0.4665541192401326,0.001
763,5,false,false,false,-2034.0,0.1,0.99,0.4660875651208925,0.001
764,12,false,false,false,-3521.0,0.1,0.99,0.4656214775557716,0.001
765,3,false,false,false,-2012.0,0.1,0.99,0.46515585607821586,0.001
766,5,false,false,false,-2004.0,0.1,0.99,0.46469070022213765,0.001
767,4,false,false,false,-2013.0,0.1,0.99,0.4642260095219155,0.001
768,19,false,false,false,-2538.0,0.1,0.99,0.4637617835123936,0.001
769,10,false,false,false,-2029.0,0.1,0.99,0.46329802172888124,0.001
770,8,false,false,false,-2517.0,0.1,0.99,0.46283472370715234,0.001
771,18,false,false,false,-2567.0,0.1,0.99,0.46237188898344517,0.001
772,4,false,false,false,-2013.0,0.1,0.99,0.4619095170944617,0.001
773,70,false,false,false,-4209.0,0.1,0.99,0.46144760757736725,0.001
774,2,false,false,false,-2001.0,0.1,0.99,0.46098615996978987,0.001
775,2,false,false,false,-2001.0,0.1,0.99,0.46052517380982005,0.001
776,10,false,false,false,-2029.0,0.1,0.99,0.4600646486360102,0.001
777,31,false,false,false,-2570.0,0.1,0.99,0.4596045839873742,0.001
778,8,false,false,false,-2527.0,0.1,0.99,0.45914497940338683,0.001
779,63,false,true,false,-6212.0,0.1,0.99,0.4586858344239834,0.001
780,48,false,false,false,-4107.0,0.1,0.99,0.45822714858955943,0.001
781,11,false,false,false,-2030.0,0.1,0.99,0.45776892144096987,0.001
782,2,false,false,false,-2001.0,0.1,0.99,0.4573111525195289,0.001
783,1,false,false,false,-2000.0,0.1,0.99,0.4568538413670094,0.001
784,21,false,false,false,-3110.0,0.1,0.99,0.4563969875256424,0.001
785,30,false,false,false,-2579.0,0.1,0.99,0.45594059053811675,0.001
786,1,false,false,false,-2000.0,0.1,0.99,0.45548464994757865,0.001
787,21,false,false,false,-3570.0,0.1,0.99,0.45502916529763104,0.001
788,9,false,false,false,-2018.0,0.1,0.99,0.45457413613233344,0.001
789,6,false,false,false,-2025.0,0.1,0.99,0.4541195619962011,0.001
790,14,false,false,false,-2043.0,0.1,0.99,0.4536654424342049,0.001
791,21,false,false,false,-3540.0,0.1,0.99,0.45321177699177073,0.001
792,10,false,false,false,-2519.0,0.1,0.99,0.452758565214779,0.001
793,6,false,false,false,-2025.0,0.1,0.99,0.4523058066495642,0.001
794,10,false,true,false,-2019.0,0.1,0.99,0.45185350084291465,0.001
795,17,false,false,false,-2036.0,0.1,0.99,0.4514016473420717,0.001
796,8,false,false,false,-2037.0,0.1,0.99,0.45095024569472963,0.001
797,12,false,false,false,-2541.0,0.1,0.99,0.4504992954490349,0.001
798,8,false,false,false,-2017.0,0.1,0.99,0.45004879615358584,0.001
799,6,false,false,false,-2005.0,0.1,0.99,0.44959874735743227,0.001
800,33,false,false,false,-2072.0,0.1,0.99,0.4491491486100748,0.001
801,2,false,false,false,-2001.0,0.1,0.99,0.44869999946146477,0.001
802,13,false,false,false,-2532.0,0.1,0.99,0.4482512994620033,0.001
803,9,false,false,false,-2518.0,0.1,0.99,0.4478030481625413,0.001
804,43,false,false,false,-4642.0,0.1,0.99,0.44735524511437874,0.001
805,62,false,false,false,-5691.0,0.1,0.99,0.4469078898692644,0.001
806,1,false,false,false,-2000.0,0.1,0.99,0.4464609819793951,0.001
807,8,false,false,false,-2007.0,0.1,0.99,0.44601452099741573,0.001
808,1,false,false,false,-2000.0,0.1,0.99,0.4455685064764183,0.001
809,33,false,false,false,-4082.0,0.1,0.99,0.4451229379699419,0.001
810,43,false,false,false,-3142.0,0.1,0.99,0.44467781503197196,0.001
811,24,false,false,false,-3053.0,0.1,0.99,0.44423313721693997,0.001
812,7,false,false,false,-2026.0,0.1,0.99,0.44378890407972305,0.001
813,4,false,false,false,-2013.0,0.1,0.99,0.44334511517564335,0.001
814,59,false,false,false,-5678.0,0.1,0.99,0.4429017700604677,0.001
815,4,false,false,false,-2013.0,0.1,0.99,0.44245886829040726,0.001
816,13,false,false,false,-2542.0,0.1,0.99,0.44201640942211684,0.001
817,21,false,true,false,-2560.0,0.1,0.99,0.44157439301269474,0.001
818,7,false,false,false,-2006.0,0.1,0.99,0.44113281861968207,0.001
819,22,false,false,false,-2561.0,0.1,0.99,0.4406916858010624,0.001
820,2,false,false,false,-2001.0,0.1,0.99,0.4402509941152613,0.001
821,16,false,false,false,-2035.0,0.1,0.99,0.43981074312114604,0.001
822,47,false,true,false,-3686.0,0.1,0.99,0.4393709323780249,0.001
823,22,false,false,false,-2571.0,0.1,0.99,0.4389315614456469,0.001
824,63,false,false,false,-3702.0,0.1,0.99,0.43849262988420123,0.001
825,21,false,false,false,-2080.0,0.1,0.99,0.438054137254317,0.001
826,54,false,false,false,-3123.0,0.1,0.99,0.4376160831170627,0.001
827,20,false,false,false,-2559.0,0.1,0.99,0.43717846703394564,0.001
828,20,false,false,false,-2119.0,0.1,0.99,0.4367412885669117,0.001
829,3,false,false,false,-2012.0,0.1,0.99,0.4363045472783448,0.001
830,6,false,false,false,-2005.0,0.1,0.99,0.43586824273106645,0.001
831,14,false,false,false,-3063.0,0.1,0.99,0.4354323744883354,0.001
832,10,false,false,false,-2529.0,0.1,0.99,0.43499694211384704,0.001
833,7,false,false,false,-2536.0,0.1,0.99,0.4345619451717332,0.001
834,29,false,false,false,-4088.0,0.1,0.99,0.43412738322656147,0.001
835,7,false,false,false,-2516.0,0.1,0.99,0.4336932558433349,0.001
836,10,false,false,false,-3029.0,0.1,0.99,0.43325956258749154,0.001
837,2,false,false,false,-2011.0,0.1,0.99,0.43282630302490405,0.001
838,37,false,false,false,-4116.0,0.1,0.99,0.43239347672187917,0.001
839,1,false,false,false,-2000.0,0.1,0.99,0.4319610832451573,0.001
840,9,false,false,false,-2528.0,0.1,0.99,0.43152912216191214,0.001
841,48,false,false,false,-3197.0,0.1,0.99,0.4310975930397502,0.001
842,10,false,false,false,-2539.0,0.1,0.99,0.43066649544671043,0.001
843,16,false,false,false,-2535.0,0.1,0.99,0.4302358289512637,0.001
844,36,false,false,false,-3085.0,0.1,0.99,0.4298055931223125,0.001
845,64,false,false,false,-4193.0,0.1,0.99,0.42937578752919014,0.001
846,53,false,false,false,-3172.0,0.1,0.99,0.4289464117416609,0.001
847,5,false,false,false,-2004.0,0.1,0.99,0.42851746532991924,0.001
848,23,false,false,false,-2562.0,0.1,0.99,0.42808894786458934,0.001
849,5,false,false,false,-3004.0,0.1,0.99,0.42766085891672473,0.001
850,44,false,false,false,-2643.0,0.1,0.99,0.427233198057808,0.001
851,19,false,true,false,-2048.0,0.1,0.99,0.4268059648597502,0.001
852,12,false,false,false,-2531.0,0.1,0.99,0.4263791588948904,0.001
853,78,false,false,false,-7207.0,0.1,0.99,0.42595277973599555,0.001
854,13,false,false,false,-2532.0,0.1,0.99,0.42552682695625954,0.001
855,2,false,false,false,-2001.0,0.1,0.99,0.4251013001293033,0.001
856,11,false,false,false,-3030.0,0.1,0.99,0.424676198829174,0.001
857,14,false,false,false,-2063.0,0.1,0.99,0.4242515226303448,0.001
858,15,false,false,false,-2034.0,0.1,0.99,0.42382727110771445,0.001
859,15,false,false,false,-3034.0,0.1,0.99,0.4234034438366067,0.001
860,15,false,false,false,-2544.0,0.1,0.99,0.4229800403927701,0.001
861,10,false,false,false,-2019.0,0.1,0.99,0.42255706035237733,0.001
862,17,false,false,false,-2086.0,0.1,0.99,0.42213450329202495,0.001
863,30,false,false,false,-2119.0,0.1,0.99,0.4217123687887329,0.001
864,62,false,false,false,-4741.0,0.1,0.99,0.4212906564199442,0.001
865,22,false,false,false,-2601.0,0.1,0.99,0.42086936576352424,0.001
866,2,false,false,false,-2001.0,0.1,0.99,0.4204484963977607,0.001
867,22,false,false,false,-2551.0,0.1,0.99,0.42002804790136294,0.001
868,8,false,false,false,-2507.0,0.1,0.99,0.4196080198534616,0.001
869,38,false,false,false,-4117.0,0.1,0.99,0.4191884118336081,0.001
870,33,false,false,false,-3592.0,0.1,0.99,0.41876922342177453,0.001
871,5,false,false,false,-2004.0,0.1,0.99,0.41835045419835276,0.001
872,22,false,false,false,-3051.0,0.1,0.99,0.4179321037441544,0.001
873,26,false,false,false,-2585.0,0.1,0.99,0.41751417164041027,0.001
874,10,false,false,false,-2049.0,0.1,0.99,0.41709665746876984,0.001
875,51,false,false,false,-4150.0,0.1,0.99,0.4166795608113011,0.001
876,7,false,false,false,-2016.0,0.1,0.99,0.41626288125048977,0.001
877,25,false,false,false,-3574.0,0.1,0.99,0.41584661836923925,0.001
878,8,false,false,false,-2027.0,0.1,0.99,0.41543077175087,0.001
879,4,false,false,false,-2003.0,0.1,0.99,0.41501534097911913,0.001
880,80,false,false,false,-6239.0,0.1,0.99,0.41460032563814003,0.001
881,10,false,false,false,-2529.0,0.1,0.99,0.4141857253125019,0.001
882,66,false,false,false,-4705.0,0.1,0.99,0.41377153958718943,0.001
883,19,false,false,false,-2078.0,0.1,0.99,0.4133577680476022,0.001
884,8,false,false,false,-3527.0,0.1,0.99,0.4129444102795546,0.001
885,61,false,false,false,-3700.0,0.1,0.99,0.412531465869275,0.001
886,12,false,false,false,-2531.0,0.1,0.99,0.41211893440340575,0.001
887,24,false,false,false,-3083.0,0.1,0.99,0.41170681546900234,0.001
888,11,false,false,false,-4520.0,0.1,0.99,0.41129510865353336,0.001
889,9,false,false,false,-2018.0,0.1,0.99,0.41088381354487985,0.001
890,9,false,false,false,-2538.0,0.1,0.99,0.410472929731335,0.001
891,1,false,false,false,-2000.0,0.1,0.99,0.41006245680160364,0.001
892,16,false,false,false,-2055.0,0.1,0.99,0.40965239434480205,0.001
893,19,false,false,false,-3548.0,0.1,0.99,0.40924274195045723,0.001
894,5,false,false,false,-2014.0,0.1,0.99,0.40883349920850676,0.001
895,27,false,false,false,-2586.0,0.1,0.99,0.40842466570929825,0.001
896,4,false,false,false,-2013.0,0.1,0.99,0.40801624104358897,0.001
897,6,false,false,false,-2005.0,0.1,0.99,0.4076082248025454,0.001
898,1,false,false,false,-2000.0,0.1,0.99,0.4072006165777428,0.001
899,50,false,false,false,-3179.0,0.1,0.99,0.4067934159611651,0.001
900,30,false,false,false,-2069.0,0.1,0.99,0.4063866225452039,0.001
901,7,false,false,false,-2016.0,0.1,0.99,0.4059802359226587,0.001
902,18,false,false,false,-2567.0,0.1,0.99,0.40557425568673605,0.001
903,17,false,false,false,-2056.0,0.1,0.99,0.40516868143104934,0.001
904,6,false,false,false,-2505.0,0.1,0.99,0.4047635127496183,0.001
905,4,false,false,false,-2513.0,0.1,0.99,0.4043587492368687,0.001
906,11,false,false,false,-2030.0,0.1,0.99,0.4039543904876318,0.001
907,23,false,false,false,-3052.0,0.1,0.99,0.4035504360971442,0.001
908,1,false,false,false,-2000.0,0.1,0.99,0.40314688566104706,0.001
909,23,false,false,false,-2592.0,0.1,0.99,0.402743738775386,0.001
910,5,false,false,false,-2504.0,0.1,0.99,0.4023409950366106,0.001
911,17,false,false,false,-3056.0,0.1,0.99,0.401938654041574,0.001
912,1,false,false,false,-2000.0,0.1,0.99,0.4015367153875324,0.001
913,9,false,false,false,-2018.0,0.1,0.99,0.4011351786721449,0.001
914,24,false,false,false,-2053.0,0.1,0.99,0.40073404349347275,0.001
915,6,false,false,false,-2015.0,0.1,0.99,0.40033330944997925,0.001
916,4,false,false,false,-2013.0,0.1,0.99,0.39993297614052925,0.001
917,17,false,false,false,-2036.0,0.1,0.99,0.3995330431643887,0.001
918,9,false,false,false,-2018.0,0.1,0.99,0.39913351012122433,0.001
919,11,false,false,false,-2530.0,0.1,0.99,0.3987343766111031,0.001
920,9,false,false,false,-2038.0,0.1,0.99,0.398335642234492,0.001
921,3,false,false,false,-2012.0,0.1,0.99,0.3979373065922575,0.001
922,11,false,false,false,-2020.0,0.1,0.99,0.39753936928566525,0.001
923,23,false,false,false,-2582.0,0.1,0.99,0.3971418299163796,0.001
924,22,false,false,false,-2041.0,0.1,0.99,0.3967446880864632,0.001
925,6,false,false,false,-2515.0,0.1,0.99,0.3963479433983767,0.001
926,4,false,false,false,-2003.0,0.1,0.99,0.3959515954549783,0.001
927,28,false,false,false,-3057.0,0.1,0.99,0.39555564385952335,0.001
928,16,false,false,false,-2535.0,0.1,0.99,0.39516008821566384,0.001
929,5,false,false,false,-2504.0,0.1,0.99,0.3947649281274482,0.001
930,8,false,false,false,-2007.0,0.1,0.99,0.3943701631993207,0.001
931,20,false,true,false,-2549.0,0.1,0.99,0.3939757930361214,0.001
932,11,false,false,false,-2030.0,0.1,0.99,0.3935818172430853,0.001
933,2,false,false,false,-2001.0,0.1,0.99,0.3931882354258422,0.001
934,86,false,false,false,-3765.0,0.1,0.99,0.39279504719041636,0.001
935,28,false,false,false,-3557.0,0.1,0.99,0.39240225214322594,0.001
936,15,false,true,false,-2544.0,0.1,0.99,0.39200984989108273,0.001
937,4,false,false,false,-2003.0,0.1,0.99,0.39161784004119166,0.001
938,3,false,false,false,-2012.0,0.1,0.99,0.39122622220115044,0.001
939,10,false,false,false,-2019.0,0.1,0.99,0.3908349959789493,0.001
940,17,false,false,false,-2586.0,0.1,0.99,0.3904441609829703,0.001
941,64,false,true,false,-4733.0,0.1,0.99,0.3900537168219873,0.001
942,40,false,false,false,-2629.0,0.1,0.99,0.3896636631051653,0.001
943,53,false,false,false,-4642.0,0.1,0.99,0.38927399944206015,0.001
944,15,false,true,false,-2034.0,0.1,0.99,0.3888847254426181,0.001
945,46,false,false,false,-4155.0,0.1,0.99,0.38849584071717547,0.001
946,64,false,false,false,-3713.0,0.1,0.99,0.3881073448764583,0.001
947,15,false,false,false,-3024.0,0.1,0.99,0.3877192375315819,0.001
948,22,false,false,false,-2541.0,0.1,0.99,0.3873315182940503,0.001
949,18,false,true,false,-2027.0,0.1,0.99,0.38694418677575626,0.001
950,25,false,false,false,-2084.0,0.1,0.99,0.3865572425889805,0.001
951,3,false,false,false,-2012.0,0.1,0.99,0.38617068534639154,0.001
952,13,false,false,false,-3042.0,0.1,0.99,0.38578451466104513,0.001
953,66,false,false,false,-3165.0,0.1,0.99,0.3853987301463841,0.001
954,1,false,false,false,-2000.0,0.1,0.99,0.3850133314162377,0.001
955,1,false,false,false,-2000.0,0.1,0.99,0.3846283180848215,0.001
956,2,false,false,false,-2001.0,0.1,0.99,0.3842436897667367,0.001
957,27,false,false,false,-4116.0,0.1,0.99,0.3838594460769699,0.001
958,28,false,false,false,-2557.0,0.1,0.99,0.38347558663089293,0.001
959,16,false,false,false,-2055.0,0.1,0.99,0.38309211104426205,0.001
960,23,false,false,false,-2582.0,0.1,0.99,0.3827090189332178,0.001
961,60,false,false,false,-3679.0,0.1,0.99,0.38232630991428457,0.001
962,1,false,false,false,-2000.0,0.1,0.99,0.38194398360437026,0.001
963,15,false,false,false,-3524.0,0.1,0.99,0.3815620396207659,0.001
964,9,false,false,false,-2028.0,0.1,0.99,0.38118047758114515,0.001
965,16,false,false,false,-2555.0,0.1,0.99,0.380799297103564,0.001
966,5,false,false,false,-2504.0,0.1,0.99,0.3804184978064605,0.001
967,45,false,false,false,-2624.0,0.1,0.99,0.380038079308654,0.001
968,35,false,false,false,-4084.0,0.1,0.99,0.3796580412293454,0.001
969,23,false,false,false,-2592.0,0.1,0.99,0.379278383188116,0.001
970,107,false,false,false,-5826.0,0.1,0.99,0.3788991048049279,0.001
971,21,false,true,false,-2050.0,0.1,0.99,0.37852020570012296,0.001
972,7,false,false,false,-2016.0,0.1,0.99,0.37814168549442284,0.001
973,9,false,false,false,-2018.0,0.1,0.99,0.3777635438089284,0.001
974,16,false,false,false,-2045.0,0.1,0.99,0.3773857802651195,0.001
975,32,false,false,false,-2611.0,0.1,0.99,0.37700839448485435,0.001
976,6,false,false,false,-2015.0,0.1,0.99,0.3766313860903695,0.001
977,25,false,false,false,-2094.0,0.1,0.99,0.37625475470427916,0.001
978,27,false,false,false,-3056.0,0.1,0.99,0.3758784999495749,0.001
979,30,false,false,false,-3099.0,0.1,0.99,0.3755026214496253,0.001
980,60,false,false,false,-4639.0,0.1,0.99,0.3751271188281757,0.001
981,42,false,false,false,-3101.0,0.1,0.99,0.3747519917093475,0.001
982,2,false,false,false,-2001.0,0.1,0.99,0.37437723971763814,0.001
983,37,false,false,false,-3586.0,0.1,0.99,0.37400286247792053,0.001
984,1,false,false,false,-2000.0,0.1,0.99,0.3736288596154426,0.001
985,11,false,false,false,-2520.0,0.1,0.99,0.37325523075582717,0.001
986,6,false,false,false,-2025.0,0.1,0.99,0.37288197552507135,0.001
987,13,false,false,false,-2522.0,0.1,0.99,0.37250909354954626,0.001
988,4,false,false,false,-2003.0,0.1,0.99,0.37213658445599673,0.001
989,7,false,false,false,-2516.0,0.1,0.99,0.3717644478715407,0.001
990,27,false,false,false,-2096.0,0.1,0.99,0.3713926834236692,0.001
991,11,false,false,false,-3050.0,0.1,0.99,0.37102129074024554,0.001
992,51,false,false,false,-4140.0,0.1,0.99,0.3706502694495053,0.001
993,64,false,false,false,-5203.0,0.1,0.99,0.3702796191800558,0.001
994,7,false,false,false,-2006.0,0.1,0.99,0.36990933956087574,0.001
995,67,false,false,false,-2696.0,0.1,0.99,0.36953943022131486,0.001
996,51,false,false,false,-4100.0,0.1,0.99,0.3691698907910935,0.001
997,37,false,false,false,-2636.0,0.1,0.99,0.3688007209003024,0.001
998,29,false,false,false,-3558.0,0.1,0.99,0.36843192017940213,0.001
999,13,false,false,false,-2022.0,0.1,0.99,0.36806348825922275,0.001
1000,12,false,false,false,-3061.0,0.1,0.99,0.3676954247709635,0.001
1001,22,false,false,false,-3031.0,0.1,0.99,0.36732772934619257,0.001
1002,2,false,false,false,-2001.0,0.1,0.99,0.3669604016168464,0.001
1003,2,false,false,false,-2001.0,0.1,0.99,0.3665934412152296,0.001
1004,47,false,false,false,-4166.0,0.1,0.99,0.3662268477740143,0.001
1005,21,false,false,false,-3590.0,0.1,0.99,0.36586062092624033,0.001
1006,20,false,false,false,-2569.0,0.1,0.99,0.3654947603053141,0.001
1007,11,false,false,false,-2510.0,0.1,0.99,0.36512926554500874,0.001
1008,39,false,false,false,-3118.0,0.1,0.99,0.36476413627946375,0.001
1009,14,false,false,false,-2523.0,0.1,0.99,0.3643993721431843,0.001
1010,30,false,false,false,-3089.0,0.1,0.99,0.36403497277104113,0.001
1011,32,false,false,false,-2101.0,0.1,0.99,0.3636709377982701,0.001
1012,9,false,false,false,-2018.0,0.1,0.99,0.3633072668604718,0.001
1013,14,false,false,false,-2523.0,0.1,0.99,0.36294395959361136,0.001
1014,9,false,false,false,-2508.0,0.1,0.99,0.36258101563401773,0.001
1015,50,false,false,false,-4639.0,0.1,0.99,0.3622184346183837,0.001
1016,32,false,false,false,-2591.0,0.1,0.99,0.36185621618376534,0.001
1017,74,false,false,false,-4153.0,0.1,0.99,0.36149435996758156,0.001
1018,66,false,false,false,-4675.0,0.1,0.99,0.361132865607614,0.001
1019,6,false,false,false,-2015.0,0.1,0.99,0.36077173274200636,0.001
1020,47,false,false,false,-3116.0,0.1,0.99,0.36041096100926434,0.001
1021,10,false,false,false,-2039.0,0.1,0.99,0.3600505500482551,0.001
1022,4,false,false,false,-2003.0,0.1,0.99,0.35969049949820686,0.001
1023,56,false,false,false,-3175.0,0.1,0.99,0.3593308089987087,0.001
1024,2,false,false,false,-2001.0,0.1,0.99,0.35897147818971,0.001
1025,4,false,false,false,-2003.0,0.1,0.99,0.3586125067115203,0.001
1026,42,false,false,false,-4701.0,0.1,0.99,0.35825389420480874,0.001
1027,1,false,false,false,-2000.0,0.1,0.99,0.35789564031060395,0.001
1028,30,false,false,false,-3569.0,0.1,0.99,0.35753774467029337,0.001
1029,35,false,false,false,-2574.0,0.1,0.99,0.3571802069256231,0.001
1030,30,false,false,false,-4079.0,0.1,0.99,0.3568230267186975,0.001
1031,28,false,false,false,-3577.0,0.1,0.99,0.3564662036919788,0.001
1032,74,false,false,false,-3693.0,0.1,0.99,0.35610973748828684,0.001
1033,14,false,false,false,-2033.0,0.1,0.99,0.35575362775079855,0.001
1034,37,false,true,true,-2106.0,0.1,0.99,0.35539787412304774,0.001
1035,39,false,false,false,-4068.0,0.1,0.99,0.3550424762489247,0.001
1036,18,false,false,false,-2047.0,0.1,0.99,0.3546874337726758,0.001
1037,1,false,false,false,-2000.0,0.1,0.99,0.35433274633890316,0.001
1038,19,false,false,false,-2568.0,0.1,0.99,0.35397841359256427,0.001
1039,17,false,false,false,-2566.0,0.1,0.99,0.3536244351789717,0.001
1040,29,false,false,false,-3598.0,0.1,0.99,0.35327081074379274,0.001
1041,6,false,false,false,-2015.0,0.1,0.99,0.352917539933049,0.001
1042,6,false,false,false,-2025.0,0.1,0.99,0.3525646223931159,0.001
1043,46,false,false,false,-2625.0,0.1,0.99,0.3522120577707228,0.001
1044,95,false,false,false,-4794.0,0.1,0.99,0.3518598457129521,0.001
1045,24,false,false,false,-2573.0,0.1,0.99,0.35150798586723914,0.001
1046,9,false,false,false,-2518.0,0.1,0.99,0.3511564778813719,0.001
1047,1,false,false,false,-2000.0,0.1,0.99,0.3508053214034905,0.001
1048,4,false,false,false,-2503.0,0.1,0.99,0.35045451608208705,0.001
1049,48,false,false,false,-3627.0,0.1,0.99,0.350104061566005,0.001
1050,44,false,false,false,-3633.0,0.1,0.99,0.349753957504439,0.001
1051,31,false,true,false,-3610.0,0.1,0.99,0.3494042035469346,0.001
1052,14,false,true,false,-2533.0,0.1,0.99,0.3490547993433876,0.001
1053,3,false,false,false,-2002.0,0.1,0.99,0.34870574454404424,0.001
1054,43,false,false,false,-4142.0,0.1,0.99,0.3483570387995002,0.001
1055,20,false,false,false,-2069.0,0.1,0.99,0.3480086817607007,0.001
1056,8,false,false,false,-2017.0,0.1,0.99,0.34766067307894,0.001
1057,42,false,false,false,-3091.0,0.1,0.99,0.34731301240586104,0.001
1058,15,false,false,false,-2534.0,0.1,0.99,0.3469656993934552,0.001
1059,3,false,false,false,-2502.0,0.1,0.99,0.3466187336940617,0.001
1060,7,false,false,false,-2026.0,0.1,0.99,0.34627211496036764,0.001
1061,3,false,false,false,-2002.0,0.1,0.99,0.3459258428454073,0.001
1062,20,false,false,false,-3539.0,0.1,0.99,0.34557991700256185,0.001
1063,24,false,false,false,-2573.0,0.1,0.99,0.3452343370855593,0.001
1064,49,false,false,false,-4598.0,0.1,0.99,0.34488910274847373,0.001
1065,57,false,true,true,-4186.0,0.1,0.99,0.34454421364572524,0.001
1066,78,false,false,false,-4707.0,0.1,0.99,0.3441996694320795,0.001
1067,1,false,false,false,-2000.0,0.1,0.99,0.34385546976264747,0.001
1068,42,false,false,false,-4591.0,0.1,0.99,0.34351161429288485,0.001
1069,40,false,false,false,-2079.0,0.1,0.99,0.34316810267859194,0.001
1070,54,false,false,false,-3673.0,0.1,0.99,0.34282493457591334,0.001
1071,11,false,false,false,-2530.0,0.1,0.99,0.3424821096413374,0.001
1072,9,false,false,false,-2028.0,0.1,0.99,0.3421396275316961,0.001
1073,20,false,false,false,-2539.0,0.1,0.99,0.34179748790416437,0.001
1074,46,false,false,false,-4605.0,0.1,0.99,0.3414556904162602,0.001
1075,10,false,false,false,-2529.0,0.1,0.99,0.34111423472584396,0.001
1076,57,false,true,true,-3166.0,0.1,0.99,0.34077312049111813,0.001
1077,10,false,false,false,-2019.0,0.1,0.99,0.340432347370627,0.001
1078,7,false,false,false,-2006.0,0.1,0.99,0.34009191502325636,0.001
1079,2,false,false,false,-2001.0,0.1,0.99,0.3397518231082331,0.001
1080,89,false,false,false,-3758.0,0.1,0.99,0.33941207128512485,0.001
1081,10,false,false,false,-2039.0,0.1,0.99,0.3390726592138397,0.001
1082,3,false,false,false,-2002.0,0.1,0.99,0.3387335865546259,0.001
1083,16,false,true,false,-2035.0,0.1,0.99,0.33839485296807126,0.001
1084,2,false,false,false,-2001.0,0.1,0.99,0.3380564581151032,0.001
1085,8,false,false,false,-2027.0,0.1,0.99,0.33771840165698813,0.001
1086,1,false,false,false,-2000.0,0.1,0.99,0.33738068325533116,0.001
1087,18,false,false,false,-3037.0,0.1,0.99,0.3370433025720758,0.001
1088,12,false,false,false,-2521.0,0.1,0.99,0.33670625926950376,0.001
1089,5,false,false,false,-2004.0,0.1,0.99,0.33636955301023425,0.001
1090,2,false,false,false,-2001.0,0.1,0.99,0.336033183457224,0.001
1091,13,false,false,false,-2042.0,0.1,0.99,0.3356971502737668,0.001
1092,7,false,false,false,-2026.0,0.1,0.99,0.335361453123493,0.001
1093,84,false,true,true,-4673.0,0.1,0.99,0.3350260916703695,0.001
1094,59,false,false,false,-3608.0,0.1,0.99,0.33469106557869915,0.001
1095,18,false,false,false,-2037.0,0.1,0.99,0.33435637451312045,0.001
1096,24,false,true,false,-2043.0,0.1,0.99,0.3340220181386073,0.001
1097,81,false,false,false,-5260.0,0.1,0.99,0.33368799612046873,0.001
1098,21,false,true,false,-3050.0,0.1,0.99,0.33335430812434824,0.001
1099,66,false,false,false,-3695.0,0.1,0.99,0.3330209538162239,0.001
1100,30,false,false,false,-3089.0,0.1,0.99,0.33268793286240766,0.001
1101,6,false,false,false,-2005.0,0.1,0.99,0.33235524492954527,0.001
1102,28,false,false,false,-3587.0,0.1,0.99,0.33202288968461574,0.001
1103,13,false,false,false,-2012.0,0.1,0.99,0.33169086679493115,0.001
1104,51,false,false,false,-3610.0,0.1,0.99,0.33135917592813624,0.001
1105,1,false,false,false,-2000.0,0.1,0.99,0.3310278167522081,0.001
1106,17,false,false,false,-2576.0,0.1,0.99,0.3306967889354559,0.001
1107,7,false,false,false,-2016.0,0.1,0.99,0.33036609214652046,0.001
1108,82,false,false,false,-4231.0,0.1,0.99,0.3300357260543739,0.001
1109,25,false,false,false,-2074.0,0.1,0.99,0.32970569032831953,0.001
1110,42,false,false,false,-4151.0,0.1,0.99,0.3293759846379912,0.001
1111,8,false,false,false,-2517.0,0.1,0.99,0.3290466086533532,0.001
1112,31,false,true,false,-2080.0,0.1,0.99,0.3287175620446999,0.001
1113,11,false,false,false,-2510.0,0.1,0.99,0.32838884448265515,0.001
1114,18,false,false,false,-2057.0,0.1,0.99,0.3280604556381725,0.001
1115,5,false,false,false,-2014.0,0.1,0.99,0.32773239518253433,0.001
1116,15,false,false,false,-2544.0,0.1,0.99,0.3274046627873518,0.001
1117,25,false,false,false,-2074.0,0.1,0.99,0.32707725812456445,0.001
1118,8,false,false,false,-2517.0,0.1,0.99,0.32675018086643987,0.001
1119,30,false,false,false,-3069.0,0.1,0.99,0.32642343068557345,0.001
1120,2,false,false,false,-2001.0,0.1,0.99,0.3260970072548879,0.001
1121,7,false,false,false,-2006.0,0.1,0.99,0.325770910247633,0.001
1122,21,false,true,false,-3550.0,0.1,0.99,0.32544513933738534,0.001
1123,14,false,false,false,-2533.0,0.1,0.99,0.3251196941980479,0.001
1124,45,false,false,false,-3124.0,0.1,0.99,0.32479457450384985,0.001
1125,29,false,false,false,-2578.0,0.1,0.99,0.324469779929346,0.001
1126,10,false,false,false,-2009.0,0.1,0.99,0.32414531014941667,0.001
1127,13,false,false,false,-2522.0,0.1,0.99,0.32382116483926726,0.001
1128,2,false,false,false,-2001.0,0.1,0.99,0.323497343674428,0.001
1129,1,false,false,false,-2000.0,0.1,0.99,0.3231738463307536,0.001
1130,19,false,true,false,-2548.0,0.1,0.99,0.32285067248442284,0.001
1131,11,false,false,false,-3030.0,0.1,0.99,0.3225278218119384,0.001
1132,19,false,false,false,-2038.0,0.1,0.99,0.3222052939901265,0.001
1133,11,false,false,false,-2040.0,0.1,0.99,0.32188308869613635,0.001
1134,9,false,false,false,-2028.0,0.1,0.99,0.3215612056074402,0.001
1135,7,false,false,false,-2506.0,0.1,0.99,0.3212396444018328,0.001
1136,39,false,false,false,-5108.0,0.1,0.99,0.32091840475743094,0.001
1137,14,false,false,false,-2523.0,0.1,0.99,0.3205974863526735,0.001
1138,20,false,false,false,-2549.0,0.1,0.99,0.32027688886632083,0.001
1139,2,false,false,false,-2001.0,0.1,0.99,0.3199566119774545,0.001
1140,32,false,false,false,-3051.0,0.1,0.99,0.31963665536547703,0.001
1141,22,false,true,false,-3561.0,0.1,0.99,0.31931701871011153,0.001
1142,10,false,false,false,-2039.0,0.1,0.99,0.3189977016914014,0.001
1143,26,false,false,false,-3555.0,0.1,0.99,0.31867870398971,0.001
1144,54,false,true,false,-2133.0,0.1,0.99,0.31836002528572027,0.001
1145,15,false,false,false,-2024.0,0.1,0.99,0.31804166526043454,0.001
1146,18,false,false,false,-3017.0,0.1,0.99,0.3177236235951741,0.001
1147,131,false,true,true,-6470.0,0.1,0.99,0.3174058999715789,0.001
1148,4,false,false,false,-2013.0,0.1,0.99,0.31708849407160733,0.001
1149,95,false,false,false,-2744.0,0.1,0.99,0.31677140557753575,0.001
1150,2,false,false,false,-2001.0,0.1,0.99,0.31645463417195824,0.001
1151,8,false,false,false,-2027.0,0.1,0.99,0.3161381795377863,0.001
1152,56,false,false,false,-5215.0,0.1,0.99,0.3158220413582485,0.001
1153,16,false,false,false,-2065.0,0.1,0.99,0.3155062193168902,0.001
1154,24,false,false,false,-2573.0,0.1,0.99,0.31519071309757335,0.001
1155,40,false,true,false,-2599.0,0.1,0.99,0.3148755223844758,0.001
1156,8,false,false,false,-2017.0,0.1,0.99,0.31456064686209134,0.001
1157,76,false,true,true,-4195.0,0.1,0.99,0.31424608621522926,0.001
1158,29,false,false,false,-3588.0,0.1,0.99,0.31393184012901404,0.001
1159,17,false,false,false,-2556.0,0.1,0.99,0.31361790828888503,0.001
1160,35,false,true,false,-3094.0,0.1,0.99,0.31330429038059615,0.001
1161,2,false,false,false,-2001.0,0.1,0.99,0.31299098609021553,0.001
1162,75,false,false,false,-2734.0,0.1,0.99,0.3126779951041253,0.001
1163,4,false,false,false,-2003.0,0.1,0.99,0.31236531710902116,0.001
1164,8,false,false,false,-2017.0,0.1,0.99,0.3120529517919121,0.001
1165,13,false,false,false,-2532.0,0.1,0.99,0.3117408988401202,0.001
1166,26,false,false,false,-2565.0,0.1,0.99,0.31142915794128007,0.001
1167,37,false,false,false,-3086.0,0.1,0.99,0.31111772878333877,0.001
1168,37,false,false,false,-3576.0,0.1,0.99,0.3108066110545554,0.001
1169,4,false,false,false,-2013.0,0.1,0.99,0.3104958044435009,0.001
1170,4,false,false,false,-2513.0,0.1,0.99,0.3101853086390574,0.001
1171,29,false,false,false,-2578.0,0.1,0.99,0.30987512333041833,0.001
1172,7,false,false,false,-2016.0,0.1,0.99,0.3095652482070879,0.001
1173,15,false,false,false,-2034.0,0.1,0.99,0.30925568295888084,0.001
1174,53,false,true,true,-3202.0,0.1,0.99,0.308946427275922,0.001
1175,23,false,false,false,-2042.0,0.1,0.99,0.30863748084864606,0.001
1176,20,false,false,false,-2069.0,0.1,0.99,0.3083288433677974,0.001
1177,1,false,false,false,-2000.0,0.1,0.99,0.30802051452442963,0.001
1178,3,false,false,false,-2002.0,0.1,0.99,0.3077124940099052,0.001
1179,6,false,false,false,-2005.0,0.1,0.99,0.3074047815158953,0.001
1180,7,false,false,false,-2036.0,0.1,0.99,0.30709737673437937,0.001
1181,8,false,false,false,-2037.0,0.1,0.99,0.30679027935764497,0.001
1182,28,false,true,false,-3067.0,0.1,0.99,0.3064834890782873,0.001
1183,6,false,false,false,-2015.0,0.1,0.99,0.306177005589209,0.001
1184,11,false,false,false,-2050.0,0.1,0.99,0.3058708285836198,0.001
1185,12,false,false,false,-2531.0,0.1,0.99,0.30556495775503617,0.001
1186,33,false,true,false,-2632.0,0.1,0.99,0.30525939279728115,0.001
1187,53,false,false,false,-2122.0,0.1,0.99,0.30495413340448385,0.001
1188,36,false,false,false,-2115.0,0.1,0.99,0.3046491792710794,0.001
1189,7,false,false,false,-2506.0,0.1,0.99,0.3043445300918083,0.001
1190,2,false,false,false,-2001.0,0.1,0.99,0.30404018556171647,0.001
1191,23,false,false,false,-3072.0,0.1,0.99,0.30373614537615473,0.001
1192,100,false,true,true,-5769.0,0.1,0.99,0.3034324092307786,0.001
1193,28,false,false,false,-2547.0,0.1,0.99,0.3031289768215478,0.001
1194,32,false,true,false,-3561.0,0.1,0.99,0.30282584784472627,0.001
1195,11,false,true,false,-2030.0,0.1,0.99,0.3025230219968815,0.001
1196,29,false,false,false,-2548.0,0.1,0.99,0.3022204989748846,0.001
1197,16,false,false,false,-3065.0,0.1,0.99,0.30191827847590974,0.001
1198,34,false,true,false,-3103.0,0.1,0.99,0.3016163601974338,0.001
1199,97,false,false,false,-5266.0,0.1,0.99,0.3013147438372364,0.001
1200,1,false,false,false,-2000.0,0.1,0.99,0.3010134290933992,0.001
1201,9,false,false,false,-2018.0,0.1,0.99,0.3007124156643058,0.001
1202,7,false,false,false,-2016.0,0.1,0.99,0.30041170324864147,0.001
1203,6,false,false,false,-2015.0,0.1,0.99,0.30011129154539284,0.001
1204,35,false,false,false,-3584.0,0.1,0.99,0.29981118025384745,0.001
1205,15,false,false,false,-3044.0,0.1,0.99,0.2995113690735936,0.001
1206,9,false,false,false,-2038.0,0.1,0.99,0.29921185770452,0.001
1207,54,false,false,false,-4173.0,0.1,0.99,0.2989126458468155,0.001
1208,11,false,false,false,-2040.0,0.1,0.99,0.2986137332009687,0.001
1209,42,false,false,false,-3111.0,0.1,0.99,0.29831511946776773,0.001
1210,16,false,false,false,-2025.0,0.1,0.99,0.29801680434829997,0.001
1211,14,false,false,false,-2033.0,0.1,0.99,0.29771878754395165,0.001
1212,134,false,false,false,-6333.0,0.1,0.99,0.29742106875640767,0.001
1213,17,false,false,false,-2036.0,0.1,0.99,0.29712364768765126,0.001
1214,66,false,true,true,-3175.0,0.1,0.99,0.2968265240399636,0.001
1215,15,false,false,false,-2534.0,0.1,0.99,0.2965296975159237,0.001
1216,14,false,true,false,-2033.0,0.1,0.99,0.29623316781840775,0.001
1217,42,false,false,false,-3601.0,0.1,0.99,0.29593693465058934,0.001
1218,21,false,false,false,-2560.0,0.1,0.99,0.29564099771593877,0.001
1219,98,false,true,true,-3257.0,0.1,0.99,0.2953453567182228,0.001
1220,12,false,false,false,-2021.0,0.1,0.99,0.2950500113615046,0.001
1221,45,false,true,true,-3634.0,0.1,0.99,0.2947549613501431,0.001
1222,6,false,false,false,-2025.0,0.1,0.99,0.294460206388793,0.001
1223,19,false,false,false,-2058.0,0.1,0.99,0.2941657461824042,0.001
1224,10,false,false,false,-2019.0,0.1,0.99,0.2938715804362218,0.001
1225,185,false,true,true,-5014.0,0.1,0.99,0.2935777088557856,0.001
1226,1,false,false,false,-2000.0,0.1,0.99,0.2932841311469298,0.001
1227,24,false,false,false,-2583.0,0.1,0.99,0.2929908470157829,0.001
1228,4,false,false,false,-2013.0,0.1,0.99,0.2926978561687671,0.001
1229,18,false,true,false,-2047.0,0.1,0.99,0.29240515831259833,0.001
1230,13,false,false,false,-2032.0,0.1,0.99,0.29211275315428575,0.001
1231,12,false,false,false,-2051.0,0.1,0.99,0.2918206404011315,0.001
1232,19,false,false,false,-2568.0,0.1,0.99,0.29152881976073036,0.001
1233,86,false,true,true,-4225.0,0.1,0.99,0.2912372909409696,0.001
1234,15,false,false,false,-2034.0,0.1,0.99,0.2909460536500286,0.001
1235,41,false,false,false,-3600.0,0.1,0.99,0.2906551075963786,0.001
1236,18,false,true,false,-2047.0,0.1,0.99,0.2903644524887822,0.001
1237,9,false,false,false,-2018.0,0.1,0.99,0.2900740880362934,0.001
1238,1,false,false,false,-2000.0,0.1,0.99,0.28978401394825715,0.001
1239,64,false,false,false,-3693.0,0.1,0.99,0.2894942299343089,0.001
1240,64,false,false,false,-3103.0,0.1,0.99,0.2892047357043746,0.001
1241,52,false,false,false,-2621.0,0.1,0.99,0.28891553096867023,0.001
1242,39,false,true,true,-2628.0,0.1,0.99,0.2886266154377016,0.001
1243,24,false,false,false,-3083.0,0.1,0.99,0.28833798882226386,0.001
1244,27,false,true,false,-2056.0,0.1,0.99,0.2880496508334416,0.001
1245,82,false,false,false,-2661.0,0.1,0.99,0.28776160118260813,0.001
1246,10,false,false,false,-2029.0,0.1,0.99,0.2874738395814255,0.001
1247,15,false,false,false,-2554.0,0.1,0.99,0.2871863657418441,0.001
1248,10,false,false,false,-2019.0,0.1,0.99,0.28689917937610226,0.001
1249,10,false,false,false,-2039.0,0.1,0.99,0.2866122801967262,0.001
1250,12,false,false,false,-2551.0,0.1,0.99,0.28632566791652947,0.001
1251,41,false,false,false,-3630.0,0.1,0.99,0.28603934224861294,0.001
1252,5,false,false,false,-2024.0,0.1,0.99,0.2857533029063643,0.001
1253,29,false,true,false,-3068.0,0.1,0.99,0.28546754960345794,0.001
1254,91,false,false,false,-4190.0,0.1,0.99,0.2851820820538545,0.001
1255,8,false,false,false,-2047.0,0.1,0.99,0.2848968999718006,0.001
1256,23,false,false,false,-2062.0,0.1,0.99,0.2846120030718288,0.001
1257,106,false,true,true,-4235.0,0.1,0.99,0.284327391068757,0.001
1258,22,false,false,false,-2551.0,0.1,0.99,0.2840430636776882,0.001
1259,25,false,false,false,-3064.0,0.1,0.99,0.28375902061401054,0.001
1260,59,false,true,false,-4158.0,0.1,0.99,0.28347526159339653,0.001
1261,14,false,false,false,-2543.0,0.1,0.99,0.28319178633180314,0.001
1262,35,false,false,false,-2584.0,0.1,0.99,0.28290859454547135,0.001
1263,9,false,false,false,-2018.0,0.1,0.99,0.28262568595092585,0.001
1264,3,false,false,false,-2012.0,0.1,0.99,0.2823430602649749,0.001
1265,104,true,true,true,-723.0,0.1,0.99,0.28206071720470993,0.001
1266,23,false,false,false,-2082.0,0.1,0.99,0.2817786564875052,0.001
1267,11,false,false,false,-2030.0,0.1,0.99,0.28149687783101773,0.001
1268,41,false,false,false,-2620.0,0.1,0.99,0.2812153809531867,0.001
1269,23,false,false,false,-2532.0,0.1,0.99,0.28093416557223355,0.001
1270,3,false,false,false,-2002.0,0.1,0.99,0.2806532314066613,0.001
1271,16,false,false,false,-2545.0,0.1,0.99,0.2803725781752547,0.001
1272,41,false,true,false,-3130.0,0.1,0.99,0.2800922055970794,0.001
1273,29,false,false,false,-2588.0,0.1,0.99,0.2798121133914823,0.001
1274,109,false,true,true,-3788.0,0.1,0.99,0.2795323012780908,0.001
1275,70,false,false,false,-3659.0,0.1,0.99,0.2792527689768127,0.001
1276,55,false,false,false,-3614.0,0.1,0.99,0.2789735162078359,0.001
1277,20,false,false,false,-2079.0,0.1,0.99,0.2786945426916281,0.001
1278,34,false,false,false,-4093.0,0.1,0.99,0.27841584814893644,0.001
1279,16,false,true,false,-2525.0,0.1,0.99,0.2781374323007875,0.001
1280,3,false,false,false,-2012.0,0.1,0.99,0.27785929486848676,0.001
1281,53,false,true,true,-2642.0,0.1,0.99,0.27758143557361825,0.001
1282,19,false,false,false,-2058.0,0.1,0.99,0.27730385413804465,0.001
1283,17,false,true,false,-2046.0,0.1,0.99,0.2770265502839066,0.001
1284,12,false,false,false,-2531.0,0.1,0.99,0.2767495237336227,0.001
1285,41,false,false,false,-3110.0,0.1,0.99,0.2764727742098891,0.001
1286,91,false,true,true,-2700.0,0.1,0.99,0.2761963014356792,0.001
1287,79,true,true,true,322.0,0.1,0.99,0.27592010513424353,0.001
1288,50,false,true,false,-2619.0,0.1,0.99,0.2756441850291093,0.001
1289,3,false,false,false,-2002.0,0.1,0.99,0.2753685408440802,0.001
1290,73,false,false,false,-5702.0,0.1,0.99,0.2750931723032361,0.001
1291,26,false,false,false,-2615.0,0.1,0.99,0.27481807913093287,0.001
1292,66,false,false,false,-4175.0,0.1,0.99,0.27454326105180193,0.001
1293,94,true,true,true,-213.0,0.1,0.99,0.2742687177907501,0.001
1294,7,false,false,false,-2016.0,0.1,0.99,0.2739944490729594,0.001
1295,9,false,false,false,-2038.0,0.1,0.99,0.27372045462388644,0.001
1296,116,true,true,true,-785.0,0.1,0.99,0.2734467341692626,0.001
1297,143,false,false,false,-6352.0,0.1,0.99,0.27317328743509334,0.001
1298,112,false,false,false,-7801.0,0.1,0.99,0.27290011414765825,0.001
1299,15,false,false,false,-2534.0,0.1,0.99,0.2726272140335106,0.001
1300,44,false,false,false,-2623.0,0.1,0.99,0.27235458681947705,0.001
1301,85,false,true,true,-3704.0,0.1,0.99,0.2720822322326576,0.001
1302,5,false,false,false,-2004.0,0.1,0.99,0.2718101500004249,0.001
1303,1,false,false,false,-2000.0,0.1,0.99,0.27153833985042447,0.001
1304,59,false,true,false,-4118.0,0.1,0.99,0.27126680151057403,0.001
1305,72,true,true,true,1349.0,0.1,0.99,0.27099553470906346,0.001
1306,20,false,true,false,-2529.0,0.1,0.99,0.2707245391743544,0.001
1307,38,false,false,false,-2087.0,0.1,0.99,0.27045381463518003,0.001
1308,26,false,false,false,-3065.0,0.1,0.99,0.27018336082054484,0.001
1309,2,false,false,false,-2001.0,0.1,0.99,0.2699131774597243,0.001
1310,5,false,false,false,-2014.0,0.1,0.99,0.2696432642822646,0.001
1311,59,false,false,false,-2108.0,0.1,0.99,0.26937362101798235,0.001
1312,10,false,false,false,-2039.0,0.1,0.99,0.26910424739696437,0.001
1313,77,false,false,false,-3176.0,0.1,0.99,0.2688351431495674,0.001
1314,57,true,true,true,1344.0,0.1,0.99,0.26856630800641784,0.001
1315,12,false,false,false,-2031.0,0.1,0.99,0.2682977416984114,0.001
1316,11,false,false,false,-2010.0,0.1,0.99,0.268029443956713,0.001
1317,36,false,false,false,-3075.0,0.1,0.99,0.2677614145127563,0.001
1318,36,false,false,false,-2585.0,0.1,0.99,0.2674936530982436,0.001
1319,30,false,true,false,-3049.0,0.1,0.99,0.26722615944514533,0.001
1320,39,false,true,false,-2598.0,0.1,0.99,0.2669589332857002,0.001
1321,13,false,true,false,-2022.0,0.1,0.99,0.2666919743524145,0.001
1322,23,false,true,false,-3032.0,0.1,0.99,0.26642528237806207,0.001
1323,1,false,false,false,-2000.0,0.1,0.99,0.266158857095684,0.001
1324,29,false,false,false,-2568.0,0.1,0.99,0.2658926982385883,0.001
1325,44,false,true,true,-3613.0,0.1,0.99,0.26562680554034973,0.001
1326,71,false,false,false,-3220.0,0.1,0.99,0.26536117873480936,0.001
1327,30,false,false,false,-3059.0,0.1,0.99,0.26509581755607453,0.001
1328,115,false,false,false,-3334.0,0.1,0.99,0.26483072173851846,0.001
1329,56,false,false,false,-3155.0,0.1,0.99,0.26456589101677996,0.001
1330,28,false,false,false,-2557.0,0.1,0.99,0.2643013251257632,0.001
1331,46,false,false,false,-3085.0,0.1,0.99,0.2640370238006374,0.001
1332,56,true,true,true,855.0,0.1,0.99,0.2637729867768368,0.001
1333,5,false,false,false,-2014.0,0.1,0.99,0.26350921379006,0.001
1334,111,false,false,false,-5270.0,0.1,0.99,0.26324570457626995,0.001
1335,79,false,true,false,-5168.0,0.1,0.99,0.2629824588716937,0.001
1336,61,false,false,false,-2130.0,0.1,0.99,0.262719476412822,0.001
1337,4,false,false,false,-2013.0,0.1,0.99,0.2624567569364092,0.001
1338,6,false,false,false,-2005.0,0.1,0.99,0.26219430017947276,0.001
1339,51,true,true,true,1390.0,0.1,0.99,0.2619321058792933,0.001
1340,45,false,false,false,-3124.0,0.1,0.99,0.261670173773414,0.001
1341,78,true,true,true,813.0,0.1,0.99,0.2614085035996406,0.001
1342,45,true,true,true,886.0,0.1,0.99,0.26114709509604095,0.001
1343,3,false,false,false,-2002.0,0.1,0.99,0.2608859480009449,0.001
1344,88,true,true,true,343.0,0.1,0.99,0.26062506205294395,0.001
1345,21,false,false,false,-2040.0,0.1,0.99,0.260364436990891,0.001
1346,43,false,false,false,-3112.0,0.1,0.99,0.2601040725539001,0.001
1347,55,false,true,false,-3134.0,0.1,0.99,0.2598439684813462,0.001
1348,58,true,true,true,883.0,0.1,0.99,0.2595841245128649,0.001
1349,9,false,false,false,-2008.0,0.1,0.99,0.259324540388352,0.001
1350,5,false,false,false,-2014.0,0.1,0.99,0.25906521584796366,0.001
1351,31,false,false,false,-3100.0,0.1,0.99,0.2588061506321157,0.001
1352,77,true,true,true,-136.0,0.1,0.99,0.2585473444814836,0.001
1353,8,false,false,false,-2017.0,0.1,0.99,0.2582887971370021,0.001
1354,2,false,false,false,-2001.0,0.1,0.99,0.2580305083398651,0.001
1355,36,false,true,false,-3085.0,0.1,0.99,0.2577724778315252,0.001
1356,6,false,false,false,-2005.0,0.1,0.99,0.25751470535369364,0.001
1357,43,false,false,false,-2612.0,0.1,0.99,0.25725719064833996,0.001
1358,40,true,true,true,1431.0,0.1,0.99,0.2569999334576916,0.001
1359,25,false,false,false,-2054.0,0.1,0.99,0.25674293352423394,0.001
1360,9,false,false,false,-2028.0,0.1,0.99,0.2564861905907097,0.001
1361,79,false,true,true,-4158.0,0.1,0.99,0.256229704400119,0.001
1362,87,false,false,false,-3726.0,0.1,0.99,0.25597347469571885,0.001
1363,36,false,false,false,-3125.0,0.1,0.99,0.25571750122102316,0.001
1364,33,true,true,true,1928.0,0.1,0.99,0.25546178371980216,0.001
1365,6,false,false,false,-2015.0,0.1,0.99,0.25520632193608234,0.001
1366,3,false,false,false,-2002.0,0.1,0.99,0.25495111561414624,0.001
1367,74,true,true,true,1297.0,0.1,0.99,0.2546961644985321,0.001
1368,1,false,false,false,-2000.0,0.1,0.99,0.2544414683340336,0.001
1369,4,false,false,false,-2013.0,0.1,0.99,0.25418702686569955,0.001
1370,14,false,false,false,-2523.0,0.1,0.99,0.25393283983883386,0.001
1371,244,false,false,false,-4533.0,0.1,0.99,0.25367890699899504,0.001
1372,56,false,false,false,-2595.0,0.1,0.99,0.253425228091996,0.001
1373,11,false,true,false,-2020.0,0.1,0.99,0.253171802863904,0.001
1374,2,false,false,false,-2001.0,0.1,0.99,0.2529186310610401,0.001
1375,24,false,false,false,-2063.0,0.1,0.99,0.2526657124299791,0.001
1376,46,false,false,false,-2135.0,0.1,0.99,0.2524130467175491,0.001
1377,7,false,false,false,-2006.0,0.1,0.99,0.2521606336708316,0.001
1378,3,false,false,false,-2502.0,0.1,0.99,0.25190847303716074,0.001
1379,41,false,false,false,-2120.0,0.1,0.99,0.25165656456412355,0.001
1380,25,true,true,true,1966.0,0.1,0.99,0.25140490799955945,0.001
1381,43,false,false,false,-2112.0,0.1,0.99,0.25115350309155987,0.001
1382,92,false,false,false,-3191.0,0.1,0.99,0.2509023495884683,0.001
1383,18,false,false,false,-2567.0,0.1,0.99,0.25065144723887983,0.001
1384,16,false,true,false,-2545.0,0.1,0.99,0.25040079579164093,0.001
1385,82,true,true,true,809.0,0.1,0.99,0.2501503949958493,0.001
1386,59,true,true,true,342.0,0.1,0.99,0.24990024460085344,0.001
1387,19,false,false,false,-2038.0,0.1,0.99,0.24965034435625258,0.001
1388,3,false,false,false,-2012.0,0.1,0.99,0.24940069401189632,0.001
1389,33,false,true,false,-3052.0,0.1,0.99,0.24915129331788444,0.001
1390,6,false,false,false,-2015.0,0.1,0.99,0.24890214202456656,0.001
1391,59,false,false,false,-2118.0,0.1,0.99,0.248653239882542,0.001
1392,50,false,false,false,-3109.0,0.1,0.99,0.24840458664265946,0.001
1393,25,false,false,false,-2044.0,0.1,0.99,0.2481561820560168,0.001
1394,40,true,true,true,921.0,0.1,0.99,0.2479080258739608,0.001
1395,45,false,true,true,-2584.0,0.1,0.99,0.24766011784808684,0.001
1396,26,false,false,false,-2075.0,0.1,0.99,0.24741245773023876,0.001
1397,60,true,true,true,1911.0,0.1,0.99,0.24716504527250852,0.001
1398,2,false,false,false,-2001.0,0.1,0.99,0.24691788022723601,0.001
1399,24,false,true,false,-2553.0,0.1,0.99,0.24667096234700878,0.001
1400,78,false,false,false,-4197.0,0.1,0.99,0.24642429138466176,0.001
1401,2,false,false,false,-2001.0,0.1,0.99,0.2461778670932771,0.001
1402,56,false,false,false,-3105.0,0.1,0.99,0.24593168922618383,0.001
1403,84,false,false,false,-3733.0,0.1,0.99,0.24568575753695765,0.001
1404,40,true,true,true,1941.0,0.1,0.99,0.2454400717794207,0.001
1405,61,false,false,false,-2630.0,0.1,0.99,0.24519463170764128,0.001
1406,12,false,false,false,-2521.0,0.1,0.99,0.24494943707593364,0.001
1407,19,false,false,false,-2558.0,0.1,0.99,0.24470448763885772,0.001
1408,15,false,false,false,-2534.0,0.1,0.99,0.24445978315121886,0.001
1409,5,false,false,false,-2004.0,0.1,0.99,0.24421532336806764,0.001
1410,45,false,false,false,-2624.0,0.1,0.99,0.24397110804469957,0.001
1411,34,false,false,false,-2573.0,0.1,0.99,0.24372713693665488,0.001
1412,9,false,false,false,-2018.0,0.1,0.99,0.24348340979971822,0.001
1413,38,false,false,false,-3087.0,0.1,0.99,0.2432399263899185,0.001
1414,50,true,true,true,1381.0,0.1,0.99,0.2429966864635286,0.001
1415,42,true,true,true,929.0,0.1,0.99,0.24275368977706507,0.001
1416,21,false,false,false,-3030.0,0.1,0.99,0.24251093608728802,0.001
1417,35,true,true,true,1946.0,0.1,0.99,0.24226842515120073,0.001
1418,2,false,false,false,-2001.0,0.1,0.99,0.24202615672604952,0.001
1419,59,true,true,true,1362.0,0.1,0.99,0.24178413056932346,0.001
1420,60,true,true,true,1351.0,0.1,0.99,0.24154234643875414,0.001
1421,15,false,true,false,-2024.0,0.1,0.99,0.24130080409231539,0.001
1422,29,false,false,false,-3568.0,0.1,0.99,0.24105950328822306,0.001
1423,52,true,true,true,409.0,0.1,0.99,0.24081844378493483,0.001
1424,55,false,false,false,-3624.0,0.1,0.99,0.2405776253411499,0.001
1425,49,true,true,true,1892.0,0.1,0.99,0.24033704771580874,0.001
1426,47,false,false,false,-3596.0,0.1,0.99,0.24009671066809293,0.001
1427,30,true,true,true,1441.0,0.1,0.99,0.23985661395742483,0.001
1428,57,true,true,true,874.0,0.1,0.99,0.2396167573434674,0.001
1429,15,false,false,false,-2544.0,0.1,0.99,0.23937714058612394,0.001
1430,26,false,false,false,-2585.0,0.1,0.99,0.23913776344553783,0.001
1431,24,false,false,false,-3063.0,0.1,0.99,0.2388986256820923,0.001
1432,24,false,false,false,-2043.0,0.1,0.99,0.2386597270564102,0.001
1433,73,false,false,false,-3162.0,0.1,0.99,0.23842106732935378,0.001
1434,17,false,true,false,-2046.0,0.1,0.99,0.23818264626202443,0.001
1435,33,true,true,true,1428.0,0.1,0.99,0.2379444636157624,0.001
1436,4,false,false,false,-2003.0,0.1,0.99,0.23770651915214663,0.001
1437,36,true,true,true,1405.0,0.1,0.99,0.2374688126329945,0.001
1438,4,false,false,false,-2023.0,0.1,0.99,0.23723134382036148,0.001
1439,51,true,true,true,400.0,0.1,0.99,0.23699411247654112,0.001
1440,62,false,false,false,-2641.0,0.1,0.99,0.23675711836406457,0.001
1441,38,true,true,true,1903.0,0.1,0.99,0.2365203612457005,0.001
1442,37,true,true,true,1914.0,0.1,0.99,0.2362838408844548,0.001
1443,7,false,false,false,-2006.0,0.1,0.99,0.23604755704357036,0.001
1444,5,false,false,false,-2504.0,0.1,0.99,0.2358115094865268,0.001
1445,16,false,false,false,-2045.0,0.1,0.99,0.23557569797704025,0.001
1446,37,true,true,true,1434.0,0.1,0.99,0.2353401222790632,0.001
1447,71,false,false,false,-2660.0,0.1,0.99,0.23510478215678413,0.001
1448,15,false,true,false,-2034.0,0.1,0.99,0.23486967737462733,0.001
1449,9,false,false,false,-2518.0,0.1,0.99,0.2346348076972527,0.001
1450,30,true,true,true,1931.0,0.1,0.99,0.23440017288955545,0.001
1451,12,false,true,false,-2021.0,0.1,0.99,0.2341657727166659,0.001
1452,5,false,false,false,-2004.0,0.1,0.99,0.2339316069439492,0.001
1453,55,false,false,false,-4124.0,0.1,0.99,0.23369767533700525,0.001
1454,3,false,false,false,-2002.0,0.1,0.99,0.23346397766166824,0.001
1455,41,false,true,true,-4100.0,0.1,0.99,0.23323051368400657,0.001
1456,44,false,false,false,-2583.0,0.1,0.99,0.23299728317032256,0.001
1457,8,false,true,false,-2017.0,0.1,0.99,0.23276428588715223,0.001
1458,4,false,false,false,-2003.0,0.1,0.99,0.23253152160126508,0.001
1459,8,false,false,false,-2517.0,0.1,0.99,0.23229899007966381,0.001
1460,84,false,false,false,-4193.0,0.1,0.99,0.23206669108958414,0.001
1461,31,true,true,true,1910.0,0.1,0.99,0.23183462439849456,0.001
1462,8,false,false,false,-2017.0,0.1,0.99,0.23160278977409607,0.001
1463,45,false,false,false,-3624.0,0.1,0.99,0.23137118698432196,0.001
1464,36,false,false,false,-2075.0,0.1,0.99,0.23113981579733764,0.001
1465,33,true,true,true,1948.0,0.1,0.99,0.2309086759815403,0.001
1466,18,false,true,false,-2037.0,0.1,0.99,0.23067776730555875,0.001
1467,50,false,false,false,-3109.0,0.1,0.99,0.23044708953825319,0.001
1468,119,false,false,false,-5838.0,0.1,0.99,0.23021664244871493,0.001
1469,12,false,true,false,-2041.0,0.1,0.99,0.22998642580626621,0.001
1470,6,false,false,false,-2005.0,0.1,0.99,0.22975643938045995,0.001
1471,29,false,true,true,-2578.0,0.1,0.99,0.2295266829410795,0.001
1472,27,false,true,true,-3056.0,0.1,0.99,0.22929715625813843,0.001
1473,36,true,true,true,925.0,0.1,0.99,0.2290678591018803,0.001
1474,4,false,false,false,-2003.0,0.1,0.99,0.22883879124277842,0.001
1475,50,false,false,false,-3599.0,0.1,0.99,0.22860995245153565,0.001
1476,95,false,false,false,-4204.0,0.1,0.99,0.22838134249908412,0.001
1477,28,true,true,true,1443.0,0.1,0.99,0.22815296115658504,0.001
1478,33,true,true,true,928.0,0.1,0.99,0.22792480819542846,0.001
1479,51,false,false,false,-2610.0,0.1,0.99,0.22769688338723304,0.001
1480,26,true,true,true,1455.0,0.1,0.99,0.22746918650384582,0.001
1481,28,true,true,true,1443.0,0.1,0.99,0.22724171731734197,0.001
1482,67,false,false,false,-3106.0,0.1,0.99,0.22701447560002463,0.001
1483,47,false,false,false,-3106.0,0.1,0.99,0.2267874611244246,0.001
1484,13,false,false,false,-2042.0,0.1,0.99,0.22656067366330018,0.001
1485,25,false,false,false,-3074.0,0.1,0.99,0.22633411298963688,0.001
1486,13,false,true,false,-2022.0,0.1,0.99,0.22610777887664724,0.001
1487,81,false,false,false,-4710.0,0.1,0.99,0.22588167109777058,0.001
1488,3,false,false,false,-2002.0,0.1,0.99,0.2256557894266728,0.001
1489,32,true,true,true,1899.0,0.1,0.99,0.22543013363724612,0.001
1490,25,false,false,false,-2564.0,0.1,0.99,0.22520470350360888,0.001
1491,86,false,false,false,-7175.0,0.1,0.99,0.2249794988001053,0.001
1492,34,false,false,false,-3063.0,0.1,0.99,0.2247545193013052,0.001
1493,21,true,true,true,1960.0,0.1,0.99,0.22452976478200387,0.001
1494,35,true,true,true,916.0,0.1,0.99,0.22430523501722185,0.001
1495,70,false,false,false,-3589.0,0.1,0.99,0.22408092978220462,0.001
1496,9,false,false,false,-2018.0,0.1,0.99,0.2238568488524224,0.001
1497,29,true,true,true,1442.0,0.1,0.99,0.22363299200356998,0.001
1498,90,false,false,false,-4199.0,0.1,0.99,0.22340935901156642,0.001
1499,26,true,true,true,1955.0,0.1,0.99,0.22318594965255484,0.001
1500,27,true,true,true,1424.0,0.1,0.99,0.22296276370290227,0.001
1501,4,false,false,false,-2003.0,0.1,0.99,0.22273980093919937,0.001
1502,49,false,false,false,-3098.0,0.1,0.99,0.22251706113826017,0.001
1503,12,false,false,false,-2021.0,0.1,0.99,0.2222945440771219,0.001
1504,5,false,false,false,-2004.0,0.1,0.99,0.22207224953304477,0.001
1505,21,true,true,true,1960.0,0.1,0.99,0.22185017728351172,0.001
1506,76,true,true,true,865.0,0.1,0.99,0.2216283271062282,0.001
1507,98,false,false,false,-2677.0,0.1,0.99,0.22140669877912197,0.001
1508,66,false,false,false,-3645.0,0.1,0.99,0.22118529208034285,0.001
1509,45,true,true,true,-104.0,0.1,0.99,0.2209641067882625,0.001
1510,24,false,false,false,-2543.0,0.1,0.99,0.22074314268147424,0.001
1511,15,false,false,false,-2534.0,0.1,0.99,0.22052239953879277,0.001
1512,25,true,true,true,1946.0,0.1,0.99,0.22030187713925398,0.001
1513,20,false,false,false,-2069.0,0.1,0.99,0.22008157526211472,0.001
1514,27,true,true,true,1434.0,0.1,0.99,0.2198614936868526,0.001
1515,3,false,false,false,-2002.0,0.1,0.99,0.21964163219316574,0.001
1516,27,true,true,true,934.0,0.1,0.99,0.21942199056097256,0.001
1517,23,true,true,true,1948.0,0.1,0.99,0.2192025685704116,0.001
1518,29,true,true,true,1462.0,0.1,0.99,0.21898336600184118,0.001
1519,23,true,true,true,1938.0,0.1,0.99,0.21876438263583933,0.001
1520,43,false,false,false,-3102.0,0.1,0.99,0.21854561825320348,0.001
1521,22,true,true,true,1959.0,0.1,0.99,0.21832707263495027,0.001
1522,51,false,false,false,-3100.0,0.1,0.99,0.21810874556231533,0.001
1523,2,false,false,false,-2001.0,0.1,0.99,0.217890636816753,0.001
1524,30,true,true,true,441.0,0.1,0.99,0.21767274617993623,0.001
1525,113,false,false,false,-5242.0,0.1,0.99,0.2174550734337563,0.001
1526,20,false,false,false,-2529.0,0.1,0.99,0.21723761836032254,0.001
1527,9,false,false,false,-2018.0,0.1,0.99,0.21702038074196223,0.001
1528,122,false,false,false,-4731.0,0.1,0.99,0.21680336036122028,0.001
1529,24,true,true,true,967.0,0.1,0.99,0.21658655700085905,0.001
1530,38,false,false,false,-2097.0,0.1,0.99,0.2163699704438582,0.001
1531,26,true,true,true,1445.0,0.1,0.99,0.21615360047341434,0.001
1532,11,false,false,false,-2020.0,0.1,0.99,0.21593744687294092,0.001
1533,22,true,true,true,1959.0,0.1,0.99,0.21572150942606796,0.001
1534,26,true,true,true,1455.0,0.1,0.99,0.2155057879166419,0.001
1535,23,true,true,true,968.0,0.1,0.99,0.21529028212872525,0.001
1536,41,false,false,false,-2590.0,0.1,0.99,0.21507499184659654,0.001
1537,31,true,true,true,900.0,0.1,0.99,0.21485991685474995,0.001
1538,23,true,true,true,1938.0,0.1,0.99,0.2146450569378952,0.001
1539,70,false,false,false,-3159.0,0.1,0.99,0.21443041188095732,0.001
1540,23,true,true,true,1948.0,0.1,0.99,0.21421598146907636,0.001
1541,3,false,false,false,-2502.0,0.1,0.99,0.21400176548760727,0.001
1542,28,true,true,true,1963.0,0.1,0.99,0.21378776372211966,0.001
1543,24,false,false,false,-2043.0,0.1,0.99,0.21357397595839755,0.001
1544,24,true,true,true,1927.0,0.1,0.99,0.21336040198243916,0.001
1545,4,false,false,false,-2003.0,0.1,0.99,0.21314704158045672,0.001
1546,9,false,true,false,-2028.0,0.1,0.99,0.21293389453887626,0.001
1547,23,false,true,true,-2532.0,0.1,0.99,0.21272096064433738,0.001
1548,99,false,false,false,-5218.0,0.1,0.99,0.21250823968369303,0.001
1549,70,false,false,false,-3149.0,0.1,0.99,0.21229573144400934,0.001
1550,38,false,false,false,-3597.0,0.1,0.99,0.21208343571256533,0.001
1551,31,true,true,true,930.0,0.1,0.99,0.21187135227685275,0.001
1552,13,false,true,false,-2042.0,0.1,0.99,0.2116594809245759,0.001
1553,25,true,true,true,1456.0,0.1,0.99,0.21144782144365132,0.001
1554,17,false,false,false,-2536.0,0.1,0.99,0.21123637362220768,0.001
1555,26,true,true,true,1435.0,0.1,0.99,0.21102513724858546,0.001
1556,32,false,true,true,-3601.0,0.1,0.99,0.21081411211133688,0.001
1557,26,true,true,true,1445.0,0.1,0.99,0.21060329799922556,0.001
1558,6,false,false,false,-2025.0,0.1,0.99,0.21039269470122635,0.001
1559,20,true,true,true,1971.0,0.1,0.99,0.21018230200652513,0.001
1560,26,true,true,true,945.0,0.1,0.99,0.2099721197045186,0.001
1561,23,true,true,true,1468.0,0.1,0.99,0.20976214758481407,0.001
1562,25,false,true,true,-2544.0,0.1,0.99,0.20955238543722926,0.001
1563,31,false,false,false,-2570.0,0.1,0.99,0.20934283305179202,0.001
1564,73,false,false,false,-3162.0,0.1,0.99,0.20913349021874023,0.001
1565,2,false,false,false,-2001.0,0.1,0.99,0.2089243567285215,0.001
1566,17,false,true,true,-2046.0,0.1,0.99,0.20871543237179296,0.001
1567,20,false,true,true,-2029.0,0.1,0.99,0.20850671693942116,0.001
1568,29,true,true,true,1932.0,0.1,0.99,0.20829821022248174,0.001
1569,15,false,false,false,-2554.0,0.1,0.99,0.20808991201225926,0.001
1570,16,false,false,false,-2025.0,0.1,0.99,0.207881822100247,0.001
1571,31,false,false,false,-2070.0,0.1,0.99,0.20767394027814676,0.001
1572,12,false,false,false,-2021.0,0.1,0.99,0.2074662663378686,0.001
1573,21,true,true,true,1970.0,0.1,0.99,0.20725880007153075,0.001
1574,51,false,false,false,-2590.0,0.1,0.99,0.20705154127145922,0.001
1575,21,true,true,true,1960.0,0.1,0.99,0.20684448973018776,0.001
1576,1,false,false,false,-2000.0,0.1,0.99,0.20663764524045758,0.001
1577,6,false,true,false,-2015.0,0.1,0.99,0.20643100759521713,0.001
1578,27,true,true,true,954.0,0.1,0.99,0.20622457658762192,0.001
1579,40,false,false,false,-3119.0,0.1,0.99,0.2060183520110343,0.001
1580,2,false,false,false,-2001.0,0.1,0.99,0.20581233365902327,0.001
1581,24,true,true,true,1467.0,0.1,0.99,0.20560652132536425,0.001
1582,23,true,true,true,1938.0,0.1,0.99,0.20540091480403888,0.001
1583,39,false,false,false,-2568.0,0.1,0.99,0.20519551388923485,0.001
1584,26,true,true,true,1455.0,0.1,0.99,0.20499031837534562,0.001
1585,20,true,true,true,1971.0,0.1,0.99,0.20478532805697028,0.001
1586,143,false,false,false,-5342.0,0.1,0.99,0.2045805427289133,0.001
1587,27,true,true,true,1454.0,0.1,0.99,0.20437596218618437,0.001
1588,5,false,false,false,-2014.0,0.1,0.99,0.2041715862239982,0.001
1589,29,true,true,true,1932.0,0.1,0.99,0.2039674146377742,0.001
1590,26,true,true,true,1915.0,0.1,0.99,0.20376344722313644,0.001
1591,14,false,true,true,-2023.0,0.1,0.99,0.2035596837759133,0.001
1592,21,false,true,true,-2530.0,0.1,0.99,0.20335612409213738,0.001
1593,21,false,false,false,-2090.0,0.1,0.99,0.20315276796804524,0.001
1594,2,false,false,false,-2501.0,0.1,0.99,0.2029496152000772,0.001
1595,20,true,true,true,1971.0,0.1,0.99,0.20274666558487714,0.001
1596,4,false,false,false,-2003.0,0.1,0.99,0.20254391891929227,0.001
1597,24,false,false,false,-2563.0,0.1,0.99,0.20234137500037297,0.001
1598,25,true,true,true,1446.0,0.1,0.99,0.20213903362537258,0.001
1599,33,false,false,false,-2042.0,0.1,0.99,0.2019368945917472,0.001
1600,28,false,false,false,-3567.0,0.1,0.99,0.20173495769715546,0.001
1601,20,true,true,true,1971.0,0.1,0.99,0.2015332227394583,0.001
1602,34,false,false,false,-2103.0,0.1,0.99,0.20133168951671884,0.001
1603,1,false,false,false,-2000.0,0.1,0.99,0.20113035782720212,0.001
1604,25,true,true,true,1456.0,0.1,0.99,0.20092922746937492,0.001
1605,22,true,true,true,1959.0,0.1,0.99,0.20072829824190555,0.001
1606,24,true,true,true,1947.0,0.1,0.99,0.20052756994366364,0.001
1607,2,false,false,false,-2001.0,0.1,0.99,0.20032704237371998,0.001
1608,29,true,true,true,922.0,0.1,0.99,0.20012671533134627,0.001
1609,53,false,false,false,-2592.0,0.1,0.99,0.19992658861601492,0.001
1610,13,false,false,false,-2522.0,0.1,0.99,0.19972666202739892,0.001
1611,79,false,false,false,-2148.0,0.1,0.99,0.19952693536537153,0.001
1612,27,false,false,false,-2566.0,0.1,0.99,0.19932740843000615,0.001
1613,36,false,false,false,-2075.0,0.1,0.99,0.19912808102157614,0.001
1614,140,false,false,false,-4269.0,0.1,0.99,0.19892895294055457,0.001
1615,6,false,false,false,-2015.0,0.1,0.99,0.19873002398761402,0.001
1616,32,false,false,false,-3041.0,0.1,0.99,0.1985312939636264,0.001
1617,20,false,false,false,-2049.0,0.1,0.99,0.19833276266966277,0.001
1618,53,false,false,false,-3672.0,0.1,0.99,0.1981344299069931,0.001
1619,21,true,true,true,1960.0,0.1,0.99,0.1979362954770861,0.001
1620,21,true,true,true,1960.0,0.1,0.99,0.197738359181609,0.001
1621,22,true,true,true,1959.0,0.1,0.99,0.1975406208224274,0.001
1622,42,false,false,false,-2621.0,0.1,0.99,0.197343080201605,0.001
1623,20,true,true,true,1971.0,0.1,0.99,0.19714573712140337,0.001
1624,26,true,true,true,1965.0,0.1,0.99,0.19694859138428197,0.001
1625,48,false,false,false,-2097.0,0.1,0.99,0.1967516427928977,0.001
1626,23,true,true,true,1958.0,0.1,0.99,0.1965548911501048,0.001
1627,22,true,true,true,1459.0,0.1,0.99,0.19635833625895469,0.001
1628,24,true,true,true,1947.0,0.1,0.99,0.19616197792269574,0.001
1629,20,false,true,true,-2559.0,0.1,0.99,0.19596581594477305,0.001
1630,20,false,false,false,-3559.0,0.1,0.99,0.19576985012882828,0.001
1631,34,false,false,false,-2093.0,0.1,0.99,0.19557408027869944,0.001
1632,5,false,false,false,-2504.0,0.1,0.99,0.19537850619842073,0.001
1633,25,true,true,true,1936.0,0.1,0.99,0.19518312769222232,0.001
1634,12,false,true,false,-2041.0,0.1,0.99,0.19498794456453009,0.001
1635,16,false,false,false,-2035.0,0.1,0.99,0.19479295661996557,0.001
1636,24,true,true,true,1957.0,0.1,0.99,0.1945981636633456,0.001
1637,23,true,true,true,1958.0,0.1,0.99,0.19440356549968224,0.001
1638,18,false,true,true,-2547.0,0.1,0.99,0.19420916193418256,0.001
1639,31,true,true,true,1380.0,0.1,0.99,0.19401495277224837,0.001
1640,24,true,true,true,1447.0,0.1,0.99,0.19382093781947612,0.001
1641,18,false,true,true,-2067.0,0.1,0.99,0.19362711688165665,0.001
1642,23,true,true,true,1948.0,0.1,0.99,0.193433489764775,0.001
1643,2,false,false,false,-2001.0,0.1,0.99,0.19324005627501023,0.001
1644,24,true,true,true,1937.0,0.1,0.99,0.1930468162187352,0.001
1645,3,false,false,false,-2002.0,0.1,0.99,0.19285376940251647,0.001
1646,26,true,true,true,1455.0,0.1,0.99,0.19266091563311397,0.001
1647,6,false,false,false,-2505.0,0.1,0.99,0.19246825471748086,0.001
1648,23,true,true,true,1448.0,0.1,0.99,0.1922757864627634,0.001
1649,34,false,false,false,-2083.0,0.1,0.99,0.1920835106763006,0.001
1650,31,true,true,true,1410.0,0.1,0.99,0.19189142716562432,0.001
1651,3,false,false,false,-2002.0,0.1,0.99,0.1916995357384587,0.001
1652,21,true,true,true,1970.0,0.1,0.99,0.19150783620272022,0.001
1653,24,true,true,true,1947.0,0.1,0.99,0.1913163283665175,0.001
1654,93,false,false,false,-3712.0,0.1,0.99,0.19112501203815097,0.001
1655,18,false,false,false,-2527.0,0.1,0.99,0.1909338870261128,0.001
1656,26,true,true,true,1465.0,0.1,0.99,0.19074295313908668,0.001
1657,25,true,true,true,1956.0,0.1,0.99,0.1905522101859476,0.001
1658,72,false,false,false,-3661.0,0.1,0.99,0.19036165797576166,0.001
1659,18,false,false,false,-2557.0,0.1,0.99,0.1901712963177859,0.001
1660,11,false,false,false,-2040.0,0.1,0.99,0.1899811250214681,0.001
1661,21,true,true,true,1470.0,0.1,0.99,0.18979114389644663,0.001
1662,1,false,false,false,-2000.0,0.1,0.99,0.1896013527525502,0.001
1663,21,true,true,true,1960.0,0.1,0.99,0.18941175139979763,0.001
1664,23,true,true,true,1938.0,0.1,0.99,0.18922233964839782,0.001
1665,26,true,true,true,1945.0,0.1,0.99,0.18903311730874942,0.001
1666,10,false,true,false,-2019.0,0.1,0.99,0.18884408419144066,0.001
1667,49,false,false,false,-3108.0,0.1,0.99,0.1886552401072492,0.001
1668,9,false,false,false,-2028.0,0.1,0.99,0.18846658486714196,0.001
1669,27,true,true,true,914.0,0.1,0.99,0.1882781182822748,0.001
1670,27,true,true,true,944.0,0.1,0.99,0.18808984016399252,0.001
1671,24,true,true,true,1437.0,0.1,0.99,0.18790175032382853,0.001
1672,22,true,true,true,1949.0,0.1,0.99,0.1877138485735047,0.001
1673,30,false,false,false,-2069.0,0.1,0.99,0.1875261347249312,0.001
1674,25,true,true,true,1446.0,0.1,0.99,0.1873386085902063,0.001
1675,2,false,false,false,-2001.0,0.1,0.99,0.18715126998161608,0.001
1676,22,false,false,false,-2041.0,0.1,0.99,0.18696411871163446,0.001
1677,26,true,true,true,1455.0,0.1,0.99,0.18677715459292282,0.001
1678,22,true,true,true,1949.0,0.1,0.99,0.1865903774383299,0.001
1679,20,true,true,true,1971.0,0.1,0.99,0.18640378706089158,0.001
1680,23,true,true,true,1448.0,0.1,0.99,0.1862173832738307,0.001
1681,3,false,false,false,-2002.0,0.1,0.99,0.18603116589055688,0.001
1682,29,true,true,true,932.0,0.1,0.99,0.18584513472466632,0.001
1683,3,false,false,false,-2002.0,0.1,0.99,0.18565928958994166,0.001
1684,22,true,true,true,1969.0,0.1,0.99,0.18547363030035172,0.001
1685,4,false,false,false,-2003.0,0.1,0.99,0.18528815667005136,0.001
1686,20,true,true,true,1971.0,0.1,0.99,0.1851028685133813,0.001
1687,6,false,false,false,-2025.0,0.1,0.99,0.18491776564486792,0.001
1688,21,true,true,true,1960.0,0.1,0.99,0.18473284787922306,0.001
1689,91,false,false,false,-5160.0,0.1,0.99,0.18454811503134383,0.001
1690,15,false,false,false,-2044.0,0.1,0.99,0.18436356691631248,0.001
1691,20,true,true,true,1971.0,0.1,0.99,0.18417920334939616,0.001
1692,24,false,true,true,-3053.0,0.1,0.99,0.18399502414604677,0.001
1693,20,false,true,true,-2029.0,0.1,0.99,0.18381102912190073,0.001
1694,1,false,false,false,-2000.0,0.1,0.99,0.18362721809277882,0.001
1695,3,false,false,false,-2002.0,0.1,0.99,0.18344359087468604,0.001
1696,4,false,false,false,-2003.0,0.1,0.99,0.18326014728381135,0.001
1697,25,true,true,true,1436.0,0.1,0.99,0.18307688713652753,0.001
1698,106,false,false,false,-4695.0,0.1,0.99,0.182893810249391,0.001
1699,26,true,true,true,1425.0,0.1,0.99,0.1827109164391416,0.001
1700,23,true,true,true,1468.0,0.1,0.99,0.18252820552270246,0.001
1701,15,false,false,false,-2534.0,0.1,0.99,0.18234567731717977,0.001
1702,6,false,true,false,-2015.0,0.1,0.99,0.1821633316398626,0.001
1703,21,false,false,false,-2050.0,0.1,0.99,0.18198116830822272,0.001
1704,9,false,false,false,-2518.0,0.1,0.99,0.1817991871399145,0.001
1705,26,true,true,true,1925.0,0.1,0.99,0.18161738795277457,0.001
1706,41,false,false,false,-2590.0,0.1,0.99,0.1814357705648218,0.001
1707,82,false,false,false,-4151.0,0.1,0.99,0.18125433479425698,0.001
1708,79,false,false,false,-3128.0,0.1,0.99,0.18107308045946272,0.001
1709,29,true,true,true,1942.0,0.1,0.99,0.18089200737900324,0.001
1710,112,false,false,false,-3211.0,0.1,0.99,0.18071111537162424,0.001
1711,25,true,true,true,1456.0,0.1,0.99,0.1805304042562526,0.001
1712,15,false,false,false,-2034.0,0.1,0.99,0.18034987385199636,0.001
1713,21,false,true,true,-2040.0,0.1,0.99,0.18016952397814437,0.001
1714,23,true,true,true,1468.0,0.1,0.99,0.17998935445416622,0.001
1715,25,true,true,true,1946.0,0.1,0.99,0.17980936509971204,0.001
1716,30,true,true,true,1961.0,0.1,0.99,0.17962955573461234,0.001
1717,24,true,true,true,1957.0,0.1,0.99,0.17944992617887773,0.001
1718,4,false,false,false,-2503.0,0.1,0.99,0.17927047625269885,0.001
1719,23,true,true,true,1968.0,0.1,0.99,0.17909120577644616,0.001
1720,21,true,true,true,1970.0,0.1,0.99,0.17891211457066972,0.001
1721,31,true,true,true,940.0,0.1,0.99,0.17873320245609906,0.001
1722,22,true,true,true,1949.0,0.1,0.99,0.17855446925364296,0.001
1723,25,true,true,true,966.0,0.1,0.99,0.17837591478438933,0.001
1724,3,false,false,false,-2002.0,0.1,0.99,0.17819753886960493,0.001
1725,23,true,true,true,1948.0,0.1,0.99,0.17801934133073533,0.001
1726,26,true,true,true,1445.0,0.1,0.99,0.17784132198940458,0.001
1727,7,false,false,false,-2016.0,0.1,0.99,0.1776634806674152,0.001
1728,110,false,false,false,-5239.0,0.1,0.99,0.17748581718674777,0.001
1729,24,false,true,true,-2053.0,0.1,0.99,0.17730833136956103,0.001
1730,37,false,false,false,-2056.0,0.1,0.99,0.17713102303819148,0.001
1731,22,true,true,true,1949.0,0.1,0.99,0.1769538920151533,0.001
1732,23,true,true,true,1948.0,0.1,0.99,0.17677693812313813,0.001
1733,20,true,true,true,1971.0,0.1,0.99,0.17660016118501498,0.001
1734,24,true,true,true,1967.0,0.1,0.99,0.17642356102382997,0.001
1735,23,true,true,true,1948.0,0.1,0.99,0.17624713746280615,0.001
1736,50,false,false,false,-2579.0,0.1,0.99,0.17607089032534334,0.001
1737,20,true,true,true,1971.0,0.1,0.99,0.175894819435018,0.001
1738,21,true,true,true,1970.0,0.1,0.99,0.17571892461558297,0.001
1739,23,true,true,true,1968.0,0.1,0.99,0.1755432056909674,0.001
1740,22,true,true,true,1949.0,0.1,0.99,0.17536766248527644,0.001
1741,23,true,true,true,1958.0,0.1,0.99,0.17519229482279117,0.001
1742,10,false,false,false,-2039.0,0.1,0.99,0.17501710252796837,0.001
1743,41,false,false,false,-4080.0,0.1,0.99,0.1748420854254404,0.001
1744,17,false,false,false,-2026.0,0.1,0.99,0.17466724334001496,0.001
1745,9,false,false,false,-2518.0,0.1,0.99,0.17449257609667496,0.001
1746,21,true,true,true,1960.0,0.1,0.99,0.1743180835205783,0.001
1747,23,true,true,true,958.0,0.1,0.99,0.1741437654370577,0.001
1748,20,true,true,true,1971.0,0.1,0.99,0.17396962167162064,0.001
1749,25,true,true,true,1916.0,0.1,0.99,0.173795652049949,0.001
1750,18,false,true,true,-2527.0,0.1,0.99,0.17362185639789907,0.001
1751,25,true,true,true,1936.0,0.1,0.99,0.17344823454150116,0.001
1752,33,false,false,false,-3562.0,0.1,0.99,0.17327478630695967,0.001
1753,17,false,true,true,-2536.0,0.1,0.99,0.1731015115206527,0.001
1754,100,false,false,false,-3679.0,0.1,0.99,0.17292841000913206,0.001
1755,24,true,true,true,1447.0,0.1,0.99,0.17275548159912293,0.001
1756,3,false,false,false,-2002.0,0.1,0.99,0.17258272611752382,0.001
1757,22,true,true,true,1949.0,0.1,0.99,0.17241014339140628,0.001
1758,3,false,false,false,-2002.0,0.1,0.99,0.1722377332480149,0.001
1759,23,true,true,true,1968.0,0.1,0.99,0.17206549551476688,0.001
1760,20,true,true,true,1971.0,0.1,0.99,0.1718934300192521,0.001
1761,187,false,false,false,-2866.0,0.1,0.99,0.17172153658923286,0.001
1762,23,true,true,true,1948.0,0.1,0.99,0.17154981505264363,0.001
1763,21,true,true,true,1960.0,0.1,0.99,0.17137826523759098,0.001
1764,21,true,true,true,1960.0,0.1,0.99,0.1712068869723534,0.001
1765,23,true,true,true,1938.0,0.1,0.99,0.17103568008538103,0.001
1766,88,false,false,false,-4697.0,0.1,0.99,0.17086464440529564,0.001
1767,21,true,true,true,1960.0,0.1,0.99,0.17069377976089034,0.001
1768,6,false,true,false,-2015.0,0.1,0.99,0.17052308598112945,0.001
1769,29,true,true,true,-58.0,0.1,0.99,0.17035256289514833,0.001
1770,8,false,false,false,-2017.0,0.1,0.99,0.17018221033225317,0.001
1771,21,true,true,true,1960.0,0.1,0.99,0.17001202812192093,0.001
1772,4,false,false,false,-2003.0,0.1,0.99,0.169842016093799,0.001
1773,22,true,true,true,1949.0,0.1,0.99,0.1696721740777052,0.001
1774,12,false,false,false,-2021.0,0.1,0.99,0.1695025019036275,0.001
1775,1,false,false,false,-2000.0,0.1,0.99,0.1693329994017239,0.001
1776,134,false,false,false,-3703.0,0.1,0.99,0.16916366640232217,0.001
1777,10,false,false,false,-2019.0,0.1,0.99,0.16899450273591984,0.001
1778,8,false,true,false,-2017.0,0.1,0.99,0.16882550823318393,0.001
1779,7,false,false,false,-2016.0,0.1,0.99,0.16865668272495074,0.001
1780,26,true,true,true,1935.0,0.1,0.99,0.1684880260422258,0.001
1781,29,false,false,false,-3578.0,0.1,0.99,0.16831953801618357,0.001
1782,22,true,true,true,1949.0,0.1,0.99,0.16815121847816739,0.001
1783,104,false,false,false,-3713.0,0.1,0.99,0.16798306725968923,0.001
1784,22,true,true,true,1959.0,0.1,0.99,0.16781508419242955,0.001
1785,22,true,true,true,1959.0,0.1,0.99,0.16764726910823713,0.001
1786,22,true,true,true,1949.0,0.1,0.99,0.1674796218391289,0.001
1787,24,true,true,true,957.0,0.1,0.99,0.16731214221728977,0.001
1788,26,false,false,false,-3065.0,0.1,0.99,0.16714483007507247,0.001
1789,23,true,true,true,1958.0,0.1,0.99,0.1669776852449974,0.001
1790,20,true,true,true,1971.0,0.1,0.99,0.1668107075597524,0.001
1791,93,false,false,false,-3182.0,0.1,0.99,0.16664389685219266,0.001
1792,27,true,true,true,1954.0,0.1,0.99,0.16647725295534047,0.001
1793,82,false,false,false,-2681.0,0.1,0.99,0.16631077570238512,0.001
1794,68,false,false,false,-2167.0,0.1,0.99,0.16614446492668272,0.001
1795,33,false,false,false,-2562.0,0.1,0.99,0.16597832046175603,0.001
1796,41,false,false,false,-2570.0,0.1,0.99,0.16581234214129428,0.001
1797,14,false,false,false,-2023.0,0.1,0.99,0.16564652979915298,0.001
1798,11,false,false,false,-2520.0,0.1,0.99,0.16548088326935384,0.001
1799,23,true,true,true,1458.0,0.1,0.99,0.1653154023860845,0.001
1800,23,true,true,true,1958.0,0.1,0.99,0.1651500869836984,0.001
1801,24,true,true,true,1967.0,0.1,0.99,0.1649849368967147,0.001
1802,24,true,true,true,1957.0,0.1,0.99,0.164819951959818,0.001
1803,33,true,true,true,1938.0,0.1,0.99,0.16465513200785817,0.001
1804,24,true,true,true,1937.0,0.1,0.99,0.1644904768758503,0.001
1805,22,true,true,true,1949.0,0.1,0.99,0.16432598639897444,0.001
1806,23,true,true,true,1968.0,0.1,0.99,0.16416166041257546,0.001
1807,200,false,false,false,-4369.0,0.1,0.99,0.16399749875216288,0.001
1808,21,true,true,true,1960.0,0.1,0.99,0.16383350125341073,0.001
1809,22,true,true,true,1959.0,0.1,0.99,0.16366966775215733,0.001
1810,24,true,true,true,1467.0,0.1,0.99,0.16350599808440516,0.001
1811,39,false,false,false,-2078.0,0.1,0.99,0.16334249208632076,0.001
1812,15,false,true,true,-2024.0,0.1,0.99,0.16317914959423443,0.001
1813,14,false,true,true,-2023.0,0.1,0.99,0.1630159704446402,0.001
1814,92,false,false,false,-4671.0,0.1,0.99,0.16285295447419557,0.001
1815,29,true,true,true,1442.0,0.1,0.99,0.16269010151972138,0.001
1816,29,false,true,true,-2078.0,0.1,0.99,0.16252741141820165,0.001
1817,28,true,true,true,1433.0,0.1,0.99,0.16236488400678345,0.001
1818,20,true,true,true,1971.0,0.1,0.99,0.16220251912277667,0.001
1819,27,true,true,true,934.0,0.1,0.99,0.1620403166036539,0.001
1820,48,false,false,false,-4107.0,0.1,0.99,0.16187827628705023,0.001
1821,20,true,true,true,1971.0,0.1,0.99,0.16171639801076318,0.001
1822,20,false,true,true,-2039.0,0.1,0.99,0.1615546816127524,0.001
1823,52,false,false,false,-2651.0,0.1,0.99,0.16139312693113966,0.001
1824,23,true,true,true,1938.0,0.1,0.99,0.16123173380420852,0.001
1825,21,true,true,true,1970.0,0.1,0.99,0.16107050207040433,0.001
1826,2,false,false,false,-2001.0,0.1,0.99,0.16090943156833393,0.001
1827,7,false,true,false,-2016.0,0.1,0.99,0.1607485221367656,0.001
1828,24,false,false,false,-2043.0,0.1,0.99,0.16058777361462884,0.001
1829,10,false,false,false,-2019.0,0.1,0.99,0.1604271858410142,0.001
1830,21,true,true,true,1960.0,0.1,0.99,0.16026675865517317,0.001
1831,50,false,false,false,-2089.0,0.1,0.99,0.160106491896518,0.001
1832,99,false,false,false,-3188.0,0.1,0.99,0.15994638540462147,0.001
1833,24,true,true,true,947.0,0.1,0.99,0.15978643901921685,0.001
1834,20,true,true,true,1971.0,0.1,0.99,0.15962665258019765,0.001
1835,3,false,false,false,-2002.0,0.1,0.99,0.15946702592761744,0.001
1836,26,true,true,true,945.0,0.1,0.99,0.15930755890168982,0.001
1837,27,true,true,true,1934.0,0.1,0.99,0.15914825134278812,0.001
1838,23,true,true,true,1468.0,0.1,0.99,0.15898910309144534,0.001
1839,21,true,true,true,1960.0,0.1,0.99,0.1588301139883539,0.001
1840,56,false,false,false,-2595.0,0.1,0.99,0.15867128387436555,0.001
1841,69,false,false,false,-2598.0,0.1,0.99,0.15851261259049118,0.001
1842,31,false,false,false,-2050.0,0.1,0.99,0.1583540999779007,0.001
1843,21,true,true,true,1970.0,0.1,0.99,0.1581957458779228,0.001
1844,21,true,true,true,1960.0,0.1,0.99,0.15803755013204487,0.001
1845,24,true,true,true,1947.0,0.1,0.99,0.15787951258191282,0.001
1846,30,false,false,false,-2559.0,0.1,0.99,0.1577216330693309,0.001
1847,22,true,true,true,1969.0,0.1,0.99,0.15756391143626158,0.001
1848,22,true,true,true,1459.0,0.1,0.99,0.15740634752482532,0.001
1849,22,true,true,true,1969.0,0.1,0.99,0.1572489411773005,0.001
1850,17,false,true,true,-2526.0,0.1,0.99,0.1570916922361232,0.001
1851,24,true,true,true,1937.0,0.1,0.99,0.15693460054388708,0.001
1852,23,true,true,true,1958.0,0.1,0.99,0.1567776659433432,0.001
1853,21,true,true,true,1970.0,0.1,0.99,0.15662088827739984,0.001
1854,23,false,false,false,-2532.0,0.1,0.99,0.15646426738912245,0.001
1855,4,false,false,false,-2003.0,0.1,0.99,0.1563078031217333,0.001
1856,2,false,false,false,-2001.0,0.1,0.99,0.15615149531861158,0.001
1857,27,false,false,false,-3056.0,0.1,0.99,0.15599534382329297,0.001
1858,32,true,true,true,919.0,0.1,0.99,0.15583934847946967,0.001
1859,20,true,true,true,1971.0,0.1,0.99,0.15568350913099022,0.001
1860,12,false,false,false,-2041.0,0.1,0.99,0.15552782562185924,0.001
1861,24,true,true,true,1947.0,0.1,0.99,0.15537229779623737,0.001
1862,25,true,true,true,956.0,0.1,0.99,0.15521692549844113,0.001
1863,23,false,true,true,-2542.0,0.1,0.99,0.15506170857294269,0.001
1864,23,true,true,true,1458.0,0.1,0.99,0.15490664686436975,0.001
1865,20,true,true,true,1971.0,0.1,0.99,0.15475174021750537,0.001
1866,25,true,true,true,1956.0,0.1,0.99,0.15459698847728787,0.001
1867,25,true,true,true,1936.0,0.1,0.99,0.1544423914888106,0.001
1868,21,true,true,true,1960.0,0.1,0.99,0.15428794909732177,0.001
1869,22,true,true,true,1959.0,0.1,0.99,0.15413366114822444,0.001
1870,22,true,true,true,1949.0,0.1,0.99,0.15397952748707622,0.001
1871,27,true,true,true,1434.0,0.1,0.99,0.15382554795958914,0.001
1872,21,true,true,true,1960.0,0.1,0.99,0.15367172241162955,0.001
1873,23,true,true,true,1948.0,0.1,0.99,0.15351805068921792,0.001
1874,23,true,true,true,1938.0,0.1,0.99,0.1533645326385287,0.001
1875,26,true,true,true,1455.0,0.1,0.99,0.15321116810589017,0.001
1876,27,true,true,true,1424.0,0.1,0.99,0.1530579569377843,0.001
1877,23,true,true,true,1468.0,0.1,0.99,0.1529048989808465,0.001
1878,49,false,false,false,-2068.0,0.1,0.99,0.15275199408186566,0.001
1879,25,true,true,true,1936.0,0.1,0.99,0.15259924208778378,0.001
1880,27,true,true,true,954.0,0.1,0.99,0.15244664284569598,0.001
1881,23,true,true,true,1968.0,0.1,0.99,0.15229419620285028,0.001
1882,4,false,false,false,-2013.0,0.1,0.99,0.15214190200664743,0.001
1883,24,true,true,true,1947.0,0.1,0.99,0.15198976010464077,0.001
1884,30,true,true,true,1431.0,0.1,0.99,0.15183777034453613,0.001
1885,193,false,false,false,-3862.0,0.1,0.99,0.1516859325741916,0.001
1886,3,false,false,false,-2002.0,0.1,0.99,0.1515342466416174,0.001
1887,25,true,true,true,1956.0,0.1,0.99,0.1513827123949758,0.001
1888,25,true,true,true,1956.0,0.1,0.99,0.15123132968258082,0.001
1889,21,true,true,true,1960.0,0.1,0.99,0.15108009835289823,0.001
1890,1,false,false,false,-2000.0,0.1,0.99,0.15092901825454533,0.001
1891,26,true,true,true,1955.0,0.1,0.99,0.15077808923629077,0.001
1892,61,false,false,false,-2610.0,0.1,0.99,0.15062731114705447,0.001
1893,67,false,false,false,-2616.0,0.1,0.99,0.1504766838359074,0.001
1894,28,true,true,true,1463.0,0.1,0.99,0.15032620715207148,0.001
1895,35,false,false,false,-2074.0,0.1,0.99,0.1501758809449194,0.001
1896,4,false,false,false,-2513.0,0.1,0.99,0.15002570506397447,0.001
1897,21,true,true,true,1960.0,0.1,0.99,0.1498756793589105,0.001
1898,31,true,true,true,930.0,0.1,0.99,0.14972580367955157,0.001
1899,23,false,true,true,-2042.0,0.1,0.99,0.14957607787587202,0.001
1900,26,true,true,true,935.0,0.1,0.99,0.14942650179799613,0.001
1901,64,false,false,false,-2593.0,0.1,0.99,0.14927707529619813,0.001
1902,24,true,true,true,1967.0,0.1,0.99,0.14912779822090194,0.001
1903,70,false,false,false,-3119.0,0.1,0.99,0.14897867042268104,0.001
1904,20,false,false,false,-2539.0,0.1,0.99,0.14882969175225835,0.001
1905,20,true,true,true,1971.0,0.1,0.99,0.1486808620605061,0.001
1906,256,false,false,false,-5445.0,0.1,0.99,0.14853218119844558,0.001
1907,25,true,true,true,1946.0,0.1,0.99,0.14838364901724713,0.001
1908,23,true,true,true,1948.0,0.1,0.99,0.14823526536822987,0.001
1909,71,false,false,false,-3170.0,0.1,0.99,0.14808703010286164,0.001
1910,26,true,true,true,1915.0,0.1,0.99,0.1479389430727588,0.001
1911,23,true,true,true,1938.0,0.1,0.99,0.14779100412968604,0.001
1912,9,false,true,false,-2028.0,0.1,0.99,0.14764321312555637,0.001
1913,5,false,false,false,-2004.0,0.1,0.99,0.14749556991243082,0.001
1914,23,true,true,true,1958.0,0.1,0.99,0.1473480743425184,0.001
1915,22,true,true,true,1969.0,0.1,0.99,0.14720072626817587,0.001
1916,11,false,false,false,-2020.0,0.1,0.99,0.1470535255419077,0.001
1917,21,true,true,true,1960.0,0.1,0.99,0.1469064720163658,0.001
1918,24,false,false,false,-3043.0,0.1,0.99,0.14675956554434944,0.001
1919,20,true,true,true,1971.0,0.1,0.99,0.14661280597880508,0.001
1920,1,false,false,false,-2000.0,0.1,0.99,0.14646619317282628,0.001
1921,21,true,true,true,1970.0,0.1,0.99,0.14631972697965345,0.001
1922,26,true,true,true,945.0,0.1,0.99,0.1461734072526738,0.001
1923,7,false,false,false,-2026.0,0.1,0.99,0.14602723384542113,0.001
1924,21,true,true,true,1970.0,0.1,0.99,0.14588120661157572,0.001
1925,27,true,true,true,954.0,0.1,0.99,0.14573532540496414,0.001
1926,25,true,true,true,1956.0,0.1,0.99,0.14558959007955918,0.001
1927,13,false,false,false,-2022.0,0.1,0.99,0.1454440004894796,0.001
1928,26,true,true,true,1925.0,0.1,0.99,0.14529855648899012,0.001
1929,22,true,true,true,1459.0,0.1,0.99,0.14515325793250114,0.001
1930,23,false,false,false,-2042.0,0.1,0.99,0.14500810467456865,0.001
1931,21,true,true,true,1960.0,0.1,0.99,0.14486309656989407,0.001
1932,20,true,true,true,1971.0,0.1,0.99,0.1447182334733242,0.001
1933,20,true,true,true,1971.0,0.1,0.99,0.14457351523985087,0.001
1934,24,true,true,true,1947.0,0.1,0.99,0.14442894172461102,0.001
1935,30,false,false,false,-2079.0,0.1,0.99,0.1442845127828864,0.001
1936,24,true,true,true,1447.0,0.1,0.99,0.1441402282701035,0.001
1937,42,false,false,false,-2081.0,0.1,0.99,0.1439960880418334,0.001
1938,25,true,true,true,1916.0,0.1,0.99,0.14385209195379156,0.001
1939,23,true,true,true,1458.0,0.1,0.99,0.14370823986183776,0.001
1940,22,true,true,true,1949.0,0.1,0.99,0.1435645316219759,0.001
1941,25,true,true,true,1436.0,0.1,0.99,0.14342096709035393,0.001
1942,10,false,true,false,-2019.0,0.1,0.99,0.14327754612326357,0.001
1943,35,false,false,false,-3064.0,0.1,0.99,0.14313426857714032,0.001
1944,24,true,true,true,1457.0,0.1,0.99,0.14299113430856317,0.001
1945,20,true,true,true,1971.0,0.1,0.99,0.1428481431742546,0.001
1946,20,true,true,true,1971.0,0.1,0.99,0.14270529503108034,0.001
1947,22,true,true,true,1959.0,0.1,0.99,0.14256258973604927,0.001
1948,21,true,true,true,1960.0,0.1,0.99,0.14242002714631322,0.001
1949,22,true,true,true,1949.0,0.1,0.99,0.1422776071191669,0.001
1950,28,false,false,false,-2057.0,0.1,0.99,0.14213532951204774,0.001
1951,17,false,true,true,-2036.0,0.1,0.99,0.1419931941825357,0.001
1952,21,true,true,true,1960.0,0.1,0.99,0.14185120098835316,0.001
1953,1,false,false,false,-2000.0,0.1,0.99,0.1417093497873648,0.001
1954,27,true,true,true,1444.0,0.1,0.99,0.14156764043757744,0.001
1955,20,true,true,true,1971.0,0.1,0.99,0.14142607279713987,0.001
1956,3,false,false,false,-2002.0,0.1,0.99,0.14128464672434274,0.001
1957,21,true,true,true,1960.0,0.1,0.99,0.1411433620776184,0.001
1958,2,false,false,false,-2001.0,0.1,0.99,0.14100221871554078,0.001
1959,22,true,true,true,1959.0,0.1,0.99,0.14086121649682523,0.001
1960,21,true,true,true,1960.0,0.1,0.99,0.14072035528032842,0.001
1961,28,true,true,true,1913.0,0.1,0.99,0.1405796349250481,0.001
1962,22,true,true,true,1469.0,0.1,0.99,0.14043905529012304,0.001
1963,23,true,true,true,1458.0,0.1,0.99,0.14029861623483292,0.001
1964,37,false,false,false,-2086.0,0.1,0.99,0.1401583176185981,0.001
1965,25,true,true,true,1446.0,0.1,0.99,0.1400181593009795,0.001
1966,20,true,true,true,1971.0,0.1,0.99,0.1398781411416785,0.001
1967,23,false,false,false,-2552.0,0.1,0.99,0.13973826300053682,0.001
1968,7,false,false,false,-2006.0,0.1,0.99,0.13959852473753628,0.001
1969,22,true,true,true,1949.0,0.1,0.99,0.13945892621279873,0.001
1970,22,false,false,false,-2051.0,0.1,0.99,0.13931946728658592,0.001
1971,25,true,true,true,1446.0,0.1,0.99,0.13918014781929933,0.001
1972,27,true,true,true,924.0,0.1,0.99,0.13904096767148003,0.001
1973,20,true,true,true,1971.0,0.1,0.99,0.13890192670380855,0.001
1974,22,true,true,true,1959.0,0.1,0.99,0.13876302477710473,0.001
1975,63,false,false,false,-3592.0,0.1,0.99,0.13862426175232762,0.001
1976,25,true,true,true,1446.0,0.1,0.99,0.1384856374905753,0.001
1977,24,false,true,true,-2563.0,0.1,0.99,0.13834715185308472,0.001
1978,20,true,true,true,1971.0,0.1,0.99,0.13820880470123162,0.001
1979,12,false,false,false,-2021.0,0.1,0.99,0.1380705958965304,0.001
1980,21,true,true,true,1960.0,0.1,0.99,0.13793252530063388,0.001
1981,21,true,true,true,1970.0,0.1,0.99,0.13779459277533324,0.001
1982,22,true,true,true,1469.0,0.1,0.99,0.1376567981825579,0.001
1983,20,true,true,true,1971.0,0.1,0.99,0.13751914138437535,0.001
1984,27,false,false,false,-2556.0,0.1,0.99,0.13738162224299097,0.001
1985,25,true,true,true,1446.0,0.1,0.99,0.13724424062074797,0.001
1986,22,true,true,true,1469.0,0.1,0.99,0.13710699638012722,0.001
1987,28,true,true,true,1933.0,0.1,0.99,0.1369698893837471,0.001
1988,20,true,true,true,1971.0,0.1,0.99,0.13683291949436335,0.001
1989,23,true,true,true,1958.0,0.1,0.99,0.13669608657486898,0.001
1990,250,false,false,false,-6459.0,0.1,0.99,0.1365593904882941,0.001
1991,8,false,true,false,-2017.0,0.1,0.99,0.1364228310978058,0.001
1992,1,false,false,false,-2000.0,0.1,0.99,0.13628640826670801,0.001
1993,110,false,false,false,-3699.0,0.1,0.99,0.1361501218584413,0.001
1994,25,true,true,true,1956.0,0.1,0.99,0.13601397173658286,0.001
1995,21,true,true,true,1960.0,0.1,0.99,0.1358779577648463,0.001
1996,24,false,true,true,-2553.0,0.1,0.99,0.13574207980708144,0.001
1997,24,true,true,true,1457.0,0.1,0.99,0.13560633772727437,0.001
1998,40,false,false,false,-2569.0,0.1,0.99,0.1354707313895471,0.001
1999,8,false,false,false,-2017.0,0.1,0.99,0.13533526065815754,0.001
